sample	Bosea_sp001556125	Cutibacterium_acnes	Granulicatella_adiacens	Haemophilus_D_parainfluenzae	Klebsiella_variicola	Methylobacterium_aquaticum	Neisseria_elongata	Neisseria_sp000186165	Porphyromonas_gingivalis	Prevotella_sp000257925	Pseudomonas_E_fluorescens_AN	Ralstonia_mannitolilytica	Rothia_aeria	Rothia_dentocariosa	Rothia_kristinae	Streptococcus_anginosus_C	Streptococcus_gordonii	Streptococcus_mutans	Streptococcus_parasanguinis_B	Streptococcus_salivarius	Streptococcus_sobrinus	Veillonella_parvula_A
SF001	0.0	1.31	7.63	0.82	0.01	0.0	0.18	3.39	0.0	0.0	0.0	0.03	3.05	52.77	0.07	0.26	19.69	0.1	8.59	42.82	0.01	2.7
SF002	0.0	0.0	0.0	0.0	0.0	0.0	0.0	0.11	0.08	0.0	0.0	0.0	0.0	1.61	0.0	0.0	0.0	0.0	0.0	0.0	0.0	0.0
SF003	0.01	0.01	27.15	18.96	0.05	0.0	17.05	0.0	0.0	0.02	0.0	0.04	3.98	2.4	0.01	0.65	46.46	0.16	12.19	22.82	0.0	10.28
SF004	0.0	2.84	0.01	0.0	0.0	0.0	0.0	0.22	0.0	0.0	0.03	0.0	0.0	0.49	0.0	0.0	0.04	0.0	0.0	0.0	0.01	0.0
SF005	2.76	0.85	0.01	0.0	0.0	2.62	0.0	0.05	0.0	0.0	0.01	0.1	0.01	0.0	0.0	0.0	0.36	0.0	0.0	0.0	0.0	0.0
SF006	0.01	0.05	0.0	0.79	0.0	0.0	0.24	1.05	0.0	0.01	0.0	0.0	0.0	0.0	0.2	0.0	201.89	2.01	0.0	44.76	0.03	0.0
SF007	0.01	0.29	12.69	2.9	0.02	0.0	3.91	18.4	0.0	0.02	0.01	0.05	56.18	14.48	0.06	0.18	8.6	0.65	6.55	128.02	0.0	14.47
SF008	0.06	0.77	38.15	0.0	0.19	0.01	2.98	4.5	0.62	0.0	0.01	0.01	10.07	2.46	0.0	0.0	104.19	0.0	0.0	1.3	0.0	0.92
SF009	0.01	0.0	0.05	0.03	0.01	0.03	0.17	0.03	0.0	0.03	0.0	0.03	0.03	0.46	0.0	0.0	0.0	0.37	78.89	28.06	0.01	0.81
SF010	0.0	0.02	0.0	0.0	0.01	0.0	0.0	0.0	0.14	0.34	0.0	0.01	6.29	2.15	0.01	0.0	25.67	0.11	0.0	1.4	0.01	0.0
SF011	0.0	1.16	0.24	0.01	0.12	0.0	0.05	0.57	0.0	0.0	0.0	0.6	0.15	0.01	0.0	0.0	0.36	1.61	0.01	0.79	0.0	0.01
SF012	0.02	0.0	0.4	0.49	0.31	0.0	0.0	2.78	0.0	0.0	0.01	0.6	0.97	0.07	0.01	0.0	1.81	0.0	0.11	0.03	0.0	0.0
SF013	0.05	1.74	14.08	0.72	0.0	0.0	5.5	3.12	0.24	0.0	0.0	0.04	15.7	0.0	0.0	0.0	10.24	0.0	0.0	3.17	0.0	0.63
SF014	0.0	7.9	0.03	0.0	0.13	0.0	0.15	0.35	0.0	0.0	0.05	1.15	0.03	0.0	0.0	0.0	0.02	15.71	2.89	5.51	0.0	0.0
SF015	0.02	3.29	0.0	0.0	0.0	0.0	0.0	0.49	0.33	0.0	0.05	0.33	0.0	0.0	0.0	0.0	0.0	0.26	0.54	30.9	0.0	0.0
SF016	0.0	0.35	1.83	0.12	0.0	0.0	0.1	0.22	0.07	0.0	0.0	0.01	2.96	71.25	0.0	0.0	0.24	0.22	3.59	2.16	0.0	0.06
SF017	0.0	11.24	0.0	0.51	0.0	0.0	0.41	0.46	1.05	0.0	0.05	0.21	0.95	0.27	0.0	0.0	0.0	0.0	0.0	4.74	0.02	0.0
SF018	0.0	0.99	0.0	0.07	0.0	0.0	7.12	0.58	0.01	0.01	0.0	0.01	0.61	2.16	0.08	4.07	177.09	499.72	6.37	0.82	20.46	0.0
SF019	0.0	15.95	0.0	0.42	0.0	0.0	0.0	0.11	0.5	0.0	0.01	0.0	0.0	1.46	0.0	0.0	0.01	0.0	0.0	0.01	15.05	0.0
SF020	0.02	3.64	0.0	0.0	0.0	0.0	0.0	0.25	0.0	0.0	0.05	4.24	0.01	0.0	0.0	0.0	0.01	0.0	0.0	0.25	0.0	1.5
SF021	0.02	1.53	0.0	0.0	0.0	0.0	0.0	0.57	0.0	0.06	0.0	0.81	0.0	0.0	0.0	0.0	2.51	0.0	0.0	0.0	0.0	0.9
SF022	0.0	3.58	0.0	0.0	0.0	0.0	0.0	0.41	0.0	0.0	0.03	0.01	0.0	2.58	0.0	0.0	0.0	0.0	0.0	0.3	0.0	0.0
SF023	0.0	12.45	0.0	0.0	0.0	0.0	0.0	0.33	0.23	0.0	0.13	5.02	0.0	0.0	0.0	0.0	0.0	0.0	0.0	0.0	0.0	0.0
SF024	0.0	4.13	0.0	0.0	0.0	0.0	0.0	0.93	0.0	0.0	0.04	2.57	0.01	0.68	0.0	0.0	0.01	0.0	0.0	0.0	0.0	0.0
SF025	0.01	2.67	0.0	0.0	0.0	0.0	0.0	0.0	0.14	0.0	0.41	2.03	1.47	0.66	0.0	0.0	0.0	0.0	0.0	0.0	0.0	0.0
SF026	0.01	3.74	0.0	0.0	0.0	0.0	0.0	0.62	0.64	0.0	0.03	0.0	0.0	0.0	0.0	0.0	0.06	0.0	0.0	0.0	0.0	0.0
SF027	0.0	0.22	18.7	18.15	0.54	0.0	54.82	44.2	0.13	0.29	0.02	0.12	0.17	3.3	0.0	0.65	33.11	0.01	24.45	19.01	0.01	0.0
SF028	0.01	0.16	64.91	0.02	0.0	0.0	1.45	5.04	0.0	0.0	0.0	0.0	4.51	42.14	0.0	0.02	162.92	20.33	0.0	0.61	77.1	1.81
SF029	0.0	0.84	0.0	0.0	0.0	0.0	0.01	0.47	1.22	0.0	0.0	0.17	2.34	17.36	0.0	0.0	8.63	0.0	2.33	1.27	11.0	1.63
SF030	0.08	0.09	3.39	0.8	0.12	0.0	0.74	5.94	0.0	0.0	0.0	0.0	7.42	0.0	11.33	0.0	20.93	0.02	5.15	14.93	0.02	0.36
SF031	0.0	1.71	0.0	1.04	0.0	0.0	8.36	22.76	0.2	0.0	0.0	0.0	69.99	8.68	0.0	0.0	33.96	0.0	0.0	0.0	0.0	18.18
SF032	0.0	0.01	0.0	0.0	0.0	0.0	0.0	0.6	0.0	0.0	0.39	1.26	0.0	0.0	0.0	0.0	0.01	0.0	0.95	0.0	0.0	0.0
SF033	0.04	9.74	0.02	5.18	0.0	0.2	0.79	31.9	0.0	0.0	0.02	0.05	0.02	0.25	0.0	0.0	1.31	0.0	8.71	0.7	0.0	1.46
SF034	0.02	5.25	0.01	0.02	0.0	0.0	0.01	0.85	0.0	0.0	0.19	4.14	0.03	0.02	0.0	0.0	0.07	0.0	0.04	0.01	0.0	8.18
SF035	0.03	12.64	5.84	0.0	0.0	0.0	2.35	7.89	0.0	0.0	0.01	17.78	8.41	7.8	0.0	0.0	30.44	0.0	2.83	0.31	0.0	1.62
SF036	0.01	0.19	4.62	10.61	0.01	0.0	4.44	15.09	0.0	0.03	0.0	0.0	0.26	2.54	0.0	0.0	418.52	0.05	19.59	23.69	106.57	29.36
SF037	0.01	0.67	1.61	0.0	0.0	0.0	0.0	0.25	0.0	0.0	0.03	2.53	2.14	24.14	0.0	0.0	26.27	0.9	4.52	9.94	0.0	1.49
SF038	0.06	8.08	0.0	0.1	2.21	0.0	0.0	0.12	0.23	0.0	0.06	0.15	0.53	0.04	0.0	0.0	0.75	0.0	0.07	0.03	0.0	0.5
SF039	0.01	1.37	0.35	0.1	0.18	0.0	0.37	0.98	0.0	0.0	0.01	0.01	0.35	0.42	0.02	0.08	0.29	394.47	0.0	2.39	0.02	0.0
SF040	0.0	1.69	0.0	0.0	0.0	0.0	0.0	0.21	0.0	0.0	0.0	2.18	0.0	0.01	0.0	0.0	0.0	0.0	28.0	9.52	0.0	0.0
SF041	0.0	0.02	0.0	2.89	0.0	0.0	0.0	0.65	0.89	0.0	0.0	0.01	0.0	2.31	0.0	0.0	0.01	0.0	0.02	0.01	0.0	0.0
SF042	0.0	12.65	0.0	0.0	0.0	0.7	0.0	0.25	0.0	0.0	0.06	0.0	0.0	0.0	0.0	0.0	0.0	0.38	0.0	1.4	0.0	0.0
SF043	0.0	5.86	0.0	0.0	0.47	0.0	2.24	0.21	0.0	0.0	0.07	1.43	0.0	0.0	0.0	0.0	0.0	0.01	0.0	1.43	0.0	0.0
SF044	0.03	17.99	0.0	0.0	0.2	0.0	0.0	0.23	0.23	0.0	0.05	0.0	0.0	2.75	0.0	0.0	2.83	2.83	0.0	0.0	0.0	0.0
SF045	0.51	4.02	0.01	0.19	0.1	0.15	0.0	0.34	0.0	0.0	0.16	0.46	0.47	1.01	0.0	0.0	0.02	0.01	2.23	0.02	0.0	2.12
SF046	0.09	0.05	24.1	0.09	0.01	0.02	0.23	0.06	0.0	0.0	0.0	0.0	3.62	6.8	0.02	0.0	173.39	0.02	8.94	22.17	0.01	0.0
SF047	0.0	0.67	1.28	0.88	0.0	0.0	0.01	1.32	0.0	0.0	0.0	0.0	0.01	0.1	0.01	0.0	2.22	0.02	53.37	241.72	0.02	1.89
SF048	0.44	3.53	0.0	0.0	0.0	11.67	0.0	0.77	0.0	0.0	0.15	0.68	0.0	0.02	0.0	0.0	0.0	0.0	0.01	0.03	0.0	0.0
SF049	0.07	2.45	0.0	0.0	0.0	0.02	0.0	0.38	0.4	0.0	0.01	0.0	0.0	3.39	0.0	0.0	7.11	0.01	12.2	69.0	0.0	0.0
SF050	0.0	1.72	0.02	0.0	0.0	0.01	0.0	0.32	1.17	0.0	0.0	2.06	0.01	0.0	0.0	0.0	0.01	0.0	0.01	0.03	0.0	1.98
SF051	0.0	0.03	25.18	0.0	0.0	0.0	0.0	1.66	1.03	0.0	0.0	0.19	0.0	0.2	0.0	0.0	2.35	0.01	0.01	0.02	0.0	1.63
SF052	0.0	3.79	3.57	0.0	0.0	0.0	0.0	0.05	0.78	0.0	0.01	0.78	0.01	0.0	0.0	0.0	0.65	7.44	2.01	0.02	0.0	0.0
SF053	0.03	2.42	1.57	1.95	0.0	0.08	5.51	2.27	0.63	0.0	0.04	0.73	7.46	0.53	0.0	0.0	5.62	2.84	0.05	5.35	0.0	0.0
SF054	0.04	0.03	0.13	0.03	0.01	0.0	0.08	0.11	0.01	0.0	0.0	0.02	0.05	0.23	0.21	0.02	1.43	0.89	0.28	92.55	0.0	0.15
SF055	0.07	12.78	0.02	0.0	0.0	0.0	0.0	0.18	0.28	0.0	0.04	0.01	1.5	0.03	0.0	0.0	0.0	0.02	0.04	2.92	0.0	0.0
SF056	0.06	17.38	11.57	0.67	0.0	0.0	0.0	1.61	3.86	0.0	0.27	4.35	4.92	6.06	0.0	0.0	2.79	10.18	25.68	28.76	0.0	0.01
SF057	0.0	2.37	3.07	0.5	0.0	0.54	0.37	0.13	0.32	0.0	0.11	0.04	0.62	74.57	0.0	0.0	1.0	15.29	11.78	17.07	0.01	6.39
SF058	0.05	3.55	0.02	0.44	0.0	0.0	0.01	0.63	0.0	0.0	0.37	2.74	0.01	0.03	0.0	0.0	0.07	2.86	0.01	1.26	0.0	0.0
SF059	0.06	5.84	43.26	0.26	0.05	0.0	5.73	6.46	0.57	0.0	0.06	0.44	27.02	13.01	0.0	0.0	36.56	0.0	0.47	5.06	0.0	11.24
SF060	0.12	18.83	0.04	0.0	1.13	0.0	2.28	0.8	0.0	0.0	0.12	5.58	0.03	0.02	0.0	0.0	1.2	0.36	0.02	2.05	0.0	0.79
SF061	0.21	0.07	0.02	0.01	1.21	1.48	0.01	0.05	0.0	0.0	0.03	0.09	0.0	0.0	0.05	0.02	0.13	0.25	0.2	0.06	0.0	0.01
SF062	0.0	3.43	0.01	0.0	0.0	0.0	0.0	0.3	0.0	0.0	0.02	0.0	0.55	0.01	0.0	0.0	0.01	0.0	0.0	1.04	0.0	0.0
SF063	0.24	0.53	0.01	0.01	0.69	0.67	0.0	0.02	0.0	0.0	0.03	0.32	0.1	7.85	0.39	103.92	18.36	1.36	0.0	0.3	0.0	4.78
SF064	0.08	0.38	10.14	0.02	0.0	0.0	0.02	1.63	1.38	0.0	0.0	1.78	0.02	0.03	0.0	0.0	0.58	0.01	0.01	0.01	0.0	0.03
SF065	0.0	3.05	0.01	0.0	0.0	0.0	0.31	0.36	0.0	0.0	0.06	2.47	0.0	0.0	0.0	0.0	0.01	0.0	0.01	0.01	0.0	0.0
SF066	0.0	96.56	34.56	8.91	0.0	0.0	13.09	16.3	0.0	0.0	0.01	1.18	5.55	3.49	0.0	0.0	361.96	0.0	0.46	1.3	0.01	12.08
SF067	0.0	7.94	10.03	0.92	0.0	0.0	0.01	0.82	0.4	0.0	0.05	1.07	2.96	2.54	0.0	0.0	3.32	0.0	1.38	1.2	41.79	7.16
SF068	0.0	3.71	0.02	0.0	0.0	0.0	1.04	0.88	0.0	0.0	0.02	0.2	1.88	0.04	0.0	0.0	0.14	0.0	0.03	0.02	0.03	0.01
SF069	0.0	1.67	0.01	1.82	0.0	0.0	0.89	0.34	1.62	0.0	0.24	0.62	0.0	0.0	0.0	0.0	0.02	0.01	0.03	0.02	0.0	0.0
SF070	0.0	0.01	0.0	0.0	0.01	0.0	1.9	0.0	0.01	0.01	0.0	0.03	4.96	1.15	0.0	0.15	261.9	3.53	0.0	3.84	0.07	0.0
SF071	0.0	18.85	2.74	0.87	0.08	0.0	1.06	0.88	0.08	0.0	0.06	0.09	0.0	2.05	0.0	0.0	9.24	0.0	90.25	79.84	2.32	0.0
SF072	0.0	15.46	10.99	0.0	0.42	0.0	0.0	0.09	0.0	0.0	0.08	0.31	0.0	8.56	0.0	0.0	9.29	0.0	0.06	0.57	0.0	0.0
SF073	0.0	7.37	0.03	0.0	0.0	0.0	0.0	0.15	0.34	0.0	0.0	0.0	0.0	0.02	0.0	0.0	0.03	0.01	0.04	0.04	0.0	0.38
SF074	0.0	1.74	1.08	0.41	84.66	0.0	0.41	0.22	0.0	0.0	0.02	0.06	0.0	0.11	0.0	0.0	1.04	0.27	0.0	0.01	0.01	0.37
SF075	0.39	6.06	10.4	0.0	0.0	0.0	0.0	1.5	0.0	0.0	0.01	0.14	0.74	2.25	0.0	0.0	2.89	0.03	14.58	22.18	0.0	0.92
SF076	0.0	2.87	0.0	0.0	0.23	0.0	0.2	0.33	1.57	0.0	0.1	0.91	2.75	28.32	0.0	0.0	71.63	44.36	3.13	8.13	0.0	166.6
SF077	0.0	3.12	0.01	0.02	0.0	0.0	0.0	0.05	0.0	0.0	0.0	0.01	1.1	2.17	0.0	0.0	0.26	0.35	0.01	0.52	0.0	0.02
SF078	0.0	1.14	3.06	14.68	0.0	0.0	0.0	0.49	0.0	0.0	0.0	0.12	0.01	2.48	0.0	0.0	7.68	1.6	5.03	0.57	0.0	0.01
SF079	0.01	0.47	10.68	0.02	0.01	0.03	0.31	0.56	0.0	0.0	0.0	0.01	0.25	1.65	0.0	0.0	24.07	15.17	0.6	0.11	65.75	41.6
SF080	0.0	5.17	8.64	2.84	0.0	0.0	0.0	2.18	0.0	0.0	0.02	2.73	3.65	1.1	0.0	0.0	7.66	0.12	4.29	9.04	0.0	0.01
SF081	0.0	9.32	0.0	0.36	0.0	0.0	0.72	3.13	0.0	0.0	0.03	0.0	0.0	9.42	0.0	0.0	4.45	1.24	1.31	0.84	0.0	0.72
SF082	0.0	3.14	19.62	0.88	0.0	0.0	0.0	0.53	0.0	0.0	0.05	0.4	0.0	2.42	0.0	0.0	2.88	0.33	14.05	72.85	0.0	0.03
SF083	0.0	1.61	0.02	0.26	0.0	0.31	0.0	0.03	0.0	0.0	0.02	1.72	0.0	56.74	0.0	5.66	43.93	454.88	59.12	7.8	0.0	69.63
SF084	0.0	30.85	0.01	0.11	0.08	0.0	0.0	0.22	0.36	0.0	0.07	0.28	0.0	2.37	0.0	0.0	0.02	2318.09	0.02	0.01	0.0	94.2
SF085	0.05	5.35	0.04	0.0	0.0	0.0	0.0	0.0	0.0	0.0	0.04	29.15	1.57	11.98	0.0	0.0	0.11	16.32	0.01	0.02	0.0	0.06
SF086	0.0	0.36	0.0	125.67	0.93	0.0	14.27	9.4	0.0	0.0	0.0	0.04	1.25	11.66	0.0	0.01	5.98	0.0	0.11	0.21	0.0	6.48
SF087	0.0	0.03	0.37	0.05	0.01	0.0	1.67	2.05	0.41	0.13	0.0	0.01	0.95	0.08	0.05	0.28	0.58	3.56	0.09	0.08	5.24	0.0
SF088	0.02	9.12	22.3	0.74	0.0	0.49	0.89	0.53	0.0	0.0	0.03	6.5	6.39	5.38	0.0	0.0	65.21	0.32	1.01	10.91	0.0	1.8
SF089	0.01	0.52	0.1	0.01	0.01	0.0	0.27	0.4	0.07	0.1	0.0	0.02	0.45	1.31	0.02	5.7	0.75	2.2	0.0	1.74	0.28	2.31
SF090	0.0	23.29	6.52	0.2	0.0	0.0	1.11	15.7	0.0	0.0	0.03	0.0	9.67	26.76	0.0	0.0	35.57	0.14	4.78	26.96	0.0	1.48
SF091	0.0	0.34	29.81	9.06	0.01	0.0	3.0	15.85	0.0	0.0	0.0	0.04	4.68	4.56	0.0	0.0	30.57	0.01	8.23	1.8	0.0	0.45
SF092	0.0	0.01	0.0	1.37	0.19	0.0	5.26	0.0	0.02	0.02	0.0	0.17	5.66	0.0	0.0	0.02	0.16	0.0	0.0	5.49	0.0	0.0
SF093	0.0	10.43	0.0	2.07	0.0	0.0	0.0	21.77	0.0	0.0	0.0	0.25	5.32	0.02	0.0	0.0	0.03	0.0	39.82	36.11	0.0	4.36
SF094	0.0	8.49	0.0	0.03	0.0	0.0	0.0	0.24	0.0	0.0	0.02	0.41	0.0	0.0	0.0	0.0	27.36	0.0	27.38	10.34	0.0	0.8
SF095	0.0	10.37	0.0	0.0	0.17	0.0	0.0	0.25	0.0	0.0	0.16	1.38	0.0	0.9	0.0	0.0	2.18	0.0	0.02	0.01	0.0	0.0
SF096	0.0	25.28	0.0	1.16	0.0	0.0	0.0	1.2	0.0	0.0	0.21	0.66	0.0	0.0	0.0	0.0	0.0	0.01	0.0	0.01	0.0	1.89
SF097	0.0	3.81	2.26	0.05	0.01	0.0	0.02	0.0	0.21	0.01	0.0	0.02	0.32	14.88	0.0	0.51	2.6	0.02	0.0	28.59	0.0	19.08
