lim_orpi_species	kraken_entries	n_genomes
Streptococcus_gordonii	16	16
Cutibacterium_acnes	52	52
Streptococcus_oralis	30	30
Streptococcus_salivarius	49	49
Rothia_dentocariosa	7	7
Streptococcus_mutans	37	37
Prevotella_sp000257925	10	10
Streptococcus_parasanguinis_B	6	6
Veillonella_parvula_A	8	8
Actinomyces_oris	7	7
Streptococcus_sanguinis	45	45
Streptococcus_sanguinis_H	45	45
Haemophilus_D_parainfluenzae	25	25
Ralstonia_mannitolilytica	12	12
Streptococcus_oralis_S	30	30
Granulicatella_adiacens	3	3
Neisseria_sp000186165	12	12
Klebsiella_variicola	545	545
Rothia_aeria	3	3
Rothia_mucilaginosa_A	13	13
Neisseria_elongata	4	4
Pseudomonas_E_fluorescens_AN	35	35
Porphyromonas_gingivalis	35	35
Rothia_mucilaginosa	13	13
Rothia_kristinae	3	3
Bosea_sp001556125	20	20
Methylobacterium_aquaticum	11	11
Streptococcus_anginosus_C	28	28
Streptococcus_sobrinus	6	6
Actinomyces_oris_C	7	7
