sample	n_truth_clusters	n_strainscan_reports	strainscan_artifact_dirs	s2b_precision	s2b_recall	s2b_f1	ss_precision	ss_recall	ss_f1
depth_low_sample01	18	8	16	0.7000	0.4118	0.5185	0.8888888888888888	0.5	0.64
depth_low_sample02	19	13	16	0.9375	0.8333	0.8824	0.9333333333333333	0.8235294117647058	0.8749999999999999
depth_low_sample03	17	12	16	0.9231	0.7059	0.8000	1.0	0.8	0.888888888888889
depth_low_sample04	21	13	16	0.9286	0.6500	0.7647	0.9285714285714286	0.6842105263157895	0.7878787878787878
depth_med_sample01	18	13	16	0.8500	0.9444	0.8947	0.9285714285714286	0.8125	0.8666666666666666
depth_med_sample02	19	14	16	0.8750	0.8235	0.8485	1.0	1.0	1.0
depth_med_sample03	22	14	16	0.7600	0.8636	0.8085	0.9473684210526315	0.8571428571428571	0.9
depth_med_sample04	20	15	16	0.9412	0.8421	0.8889	0.9411764705882353	0.9411764705882353	0.9411764705882353
depth_high_sample01	21	14	16	0.7727	0.8500	0.8095	0.9411764705882353	0.8888888888888888	0.9142857142857143
depth_high_sample02	19	14	16	0.7727	0.8947	0.8293	1.0	0.9444444444444444	0.9714285714285714
depth_high_sample03	19	14	16	0.9000	0.9474	0.9231	1.0	1.0	1.0
depth_high_sample04	19	14	16	0.6667	0.8421	0.7442	0.9473684210526315	1.0	0.972972972972973
