sample	species	depth	s2b_precision	s2b_recall	s2b_f1	ss_precision	ss_recall	ss_f1	recall_difference	f1_difference
Akkermansia_muciniphila__diff_k2_rep1_d0.5	Akkermansia_muciniphila	0.5	1.0000	0.5000	0.6667	1.0	0.5	0.6666666666666666	0.0	3.333333333332966e-05
Akkermansia_muciniphila__diff_k2_rep1_d1	Akkermansia_muciniphila	1	1.0000	0.5000	0.6667	1.0	1.0	1.0	-0.5	-0.33330000000000004
Akkermansia_muciniphila__diff_k2_rep1_d10	Akkermansia_muciniphila	10	1.0000	1.0000	1.0000	1.0	1.0	1.0	0.0	0.0
Akkermansia_muciniphila__diff_k2_rep1_d3	Akkermansia_muciniphila	3	1.0000	0.5000	0.6667	1.0	0.5	0.6666666666666666	0.0	3.333333333332966e-05
Akkermansia_muciniphila__diff_k2_rep1_d5	Akkermansia_muciniphila	5	1.0000	1.0000	1.0000	1.0	0.5	0.6666666666666666	0.5	0.33333333333333337
Akkermansia_muciniphila__diff_k3_rep1_d1	Akkermansia_muciniphila	1	1.0000	0.6667	0.8000	1.0	1.0	1.0	-0.33330000000000004	-0.19999999999999996
Akkermansia_muciniphila__diff_k3_rep1_d10	Akkermansia_muciniphila	10	1.0000	1.0000	1.0000	1.0	1.0	1.0	0.0	0.0
Akkermansia_muciniphila__diff_k3_rep1_d3	Akkermansia_muciniphila	3	1.0000	1.0000	1.0000	1.0	0.6666666666666666	0.8	0.33333333333333337	0.19999999999999996
Akkermansia_muciniphila__diff_k3_rep1_d5	Akkermansia_muciniphila	5	1.0000	1.0000	1.0000	1.0	0.6666666666666666	0.8	0.33333333333333337	0.19999999999999996
Akkermansia_muciniphila__diff_k5_rep1_d0.5	Akkermansia_muciniphila	0.5	1.0000	0.6000	0.7500	1.0	1.0	1.0	-0.4	-0.25
Akkermansia_muciniphila__diff_k5_rep1_d1	Akkermansia_muciniphila	1	1.0000	0.6000	0.7500	1.0	1.0	1.0	-0.4	-0.25
Akkermansia_muciniphila__diff_k5_rep1_d10	Akkermansia_muciniphila	10	1.0000	0.8000	0.8889	1.0	1.0	1.0	-0.19999999999999996	-0.11109999999999998
Akkermansia_muciniphila__diff_k5_rep1_d3	Akkermansia_muciniphila	3	1.0000	0.8000	0.8889	1.0	0.8	0.888888888888889	0.0	1.111111111107288e-05
Akkermansia_muciniphila__diff_k5_rep1_d5	Akkermansia_muciniphila	5	1.0000	0.8000	0.8889	1.0	1.0	1.0	-0.19999999999999996	-0.11109999999999998
Clostridioides_difficile__diff_k2_rep1_d0.5	Clostridioides_difficile	0.5	0.0000	0.0000	0.0000	1.0	0.5	0.6666666666666666	-0.5	-0.6666666666666666
Clostridioides_difficile__diff_k2_rep1_d1	Clostridioides_difficile	1	1.0000	0.5000	0.6667	1.0	1.0	1.0	-0.5	-0.33330000000000004
Clostridioides_difficile__diff_k2_rep1_d10	Clostridioides_difficile	10	1.0000	1.0000	1.0000	1.0	1.0	1.0	0.0	0.0
Clostridioides_difficile__diff_k2_rep1_d3	Clostridioides_difficile	3	1.0000	1.0000	1.0000	1.0	0.5	0.6666666666666666	0.5	0.33333333333333337
Clostridioides_difficile__diff_k2_rep1_d5	Clostridioides_difficile	5	1.0000	1.0000	1.0000	1.0	0.5	0.6666666666666666	0.5	0.33333333333333337
Clostridioides_difficile__diff_k3_rep1_d0.5	Clostridioides_difficile	0.5	1.0000	0.3333	0.5000	1.0	0.6666666666666666	0.8	-0.33336666666666664	-0.30000000000000004
Clostridioides_difficile__diff_k3_rep1_d1	Clostridioides_difficile	1	1.0000	0.6667	0.8000	1.0	1.0	1.0	-0.33330000000000004	-0.19999999999999996
Clostridioides_difficile__diff_k3_rep1_d10	Clostridioides_difficile	10	1.0000	1.0000	1.0000	1.0	0.6666666666666666	0.8	0.33333333333333337	0.19999999999999996
Clostridioides_difficile__diff_k3_rep1_d3	Clostridioides_difficile	3	1.0000	0.6667	0.8000	1.0	0.6666666666666666	0.8	3.333333333332966e-05	0.0
Clostridioides_difficile__diff_k3_rep1_d5	Clostridioides_difficile	5	1.0000	1.0000	1.0000	1.0	0.6666666666666666	0.8	0.33333333333333337	0.19999999999999996
Clostridioides_difficile__diff_k5_rep1_d0.5	Clostridioides_difficile	0.5	1.0000	0.4000	0.5714	1.0	0.8	0.888888888888889	-0.4	-0.31748888888888893
Clostridioides_difficile__diff_k5_rep1_d1	Clostridioides_difficile	1	1.0000	0.4000	0.5714	1.0	1.0	1.0	-0.6	-0.4286
Clostridioides_difficile__diff_k5_rep1_d10	Clostridioides_difficile	10	1.0000	1.0000	1.0000	1.0	1.0	1.0	0.0	0.0
Clostridioides_difficile__diff_k5_rep1_d3	Clostridioides_difficile	3	1.0000	0.8000	0.8889	1.0	0.6	0.7499999999999999	0.20000000000000007	0.13890000000000013
Clostridioides_difficile__diff_k5_rep1_d5	Clostridioides_difficile	5	1.0000	1.0000	1.0000	1.0	0.8	0.888888888888889	0.19999999999999996	0.11111111111111105
Cutibacterium_acnes__diff_k2_rep1_d0.5	Cutibacterium_acnes	0.5	1.0000	0.5000	0.6667	1.0	0.5	0.6666666666666666	0.0	3.333333333332966e-05
Cutibacterium_acnes__diff_k2_rep1_d1	Cutibacterium_acnes	1	1.0000	0.5000	0.6667	1.0	1.0	1.0	-0.5	-0.33330000000000004
Cutibacterium_acnes__diff_k2_rep1_d10	Cutibacterium_acnes	10	1.0000	0.5000	0.6667	1.0	1.0	1.0	-0.5	-0.33330000000000004
Cutibacterium_acnes__diff_k2_rep1_d3	Cutibacterium_acnes	3	1.0000	0.5000	0.6667	1.0	0.5	0.6666666666666666	0.0	3.333333333332966e-05
Cutibacterium_acnes__diff_k2_rep1_d5	Cutibacterium_acnes	5	1.0000	0.5000	0.6667	1.0	0.5	0.6666666666666666	0.0	3.333333333332966e-05
Cutibacterium_acnes__diff_k3_rep1_d0.5	Cutibacterium_acnes	0.5	1.0000	0.3333	0.5000	1.0	0.6666666666666666	0.8	-0.33336666666666664	-0.30000000000000004
Cutibacterium_acnes__diff_k3_rep1_d1	Cutibacterium_acnes	1	1.0000	0.6667	0.8000	1.0	1.0	1.0	-0.33330000000000004	-0.19999999999999996
Cutibacterium_acnes__diff_k3_rep1_d10	Cutibacterium_acnes	10	1.0000	1.0000	1.0000	1.0	1.0	1.0	0.0	0.0
Cutibacterium_acnes__diff_k3_rep1_d3	Cutibacterium_acnes	3	1.0000	1.0000	1.0000	1.0	0.6666666666666666	0.8	0.33333333333333337	0.19999999999999996
Cutibacterium_acnes__diff_k3_rep1_d5	Cutibacterium_acnes	5	1.0000	1.0000	1.0000	1.0	0.6666666666666666	0.8	0.33333333333333337	0.19999999999999996
Cutibacterium_acnes__diff_k5_rep1_d0.5	Cutibacterium_acnes	0.5	1.0000	0.6000	0.7500	1.0	0.8	0.888888888888889	-0.20000000000000007	-0.13888888888888895
Cutibacterium_acnes__diff_k5_rep1_d1	Cutibacterium_acnes	1	1.0000	0.8000	0.8889	1.0	1.0	1.0	-0.19999999999999996	-0.11109999999999998
Cutibacterium_acnes__diff_k5_rep1_d10	Cutibacterium_acnes	10	1.0000	1.0000	1.0000	1.0	1.0	1.0	0.0	0.0
Cutibacterium_acnes__diff_k5_rep1_d3	Cutibacterium_acnes	3	1.0000	0.8000	0.8889	1.0	0.6	0.7499999999999999	0.20000000000000007	0.13890000000000013
Cutibacterium_acnes__diff_k5_rep1_d5	Cutibacterium_acnes	5	1.0000	0.8000	0.8889	1.0	0.8	0.888888888888889	0.0	1.111111111107288e-05
Escherichia_coli__diff_k2_rep1_d0.5	Escherichia_coli	0.5	1.0000	0.5000	0.6667	1.0	0.5	0.6666666666666666	0.0	3.333333333332966e-05
Escherichia_coli__diff_k2_rep1_d1	Escherichia_coli	1	1.0000	1.0000	1.0000	1.0	1.0	1.0	0.0	0.0
Escherichia_coli__diff_k2_rep1_d10	Escherichia_coli	10	1.0000	1.0000	1.0000	1.0	1.0	1.0	0.0	0.0
Escherichia_coli__diff_k2_rep1_d3	Escherichia_coli	3	1.0000	1.0000	1.0000	1.0	0.5	0.6666666666666666	0.5	0.33333333333333337
Escherichia_coli__diff_k2_rep1_d5	Escherichia_coli	5	1.0000	1.0000	1.0000	1.0	0.5	0.6666666666666666	0.5	0.33333333333333337
Escherichia_coli__diff_k3_rep1_d0.5	Escherichia_coli	0.5	1.0000	0.6667	0.8000	1.0	0.6666666666666666	0.8	3.333333333332966e-05	0.0
Escherichia_coli__diff_k3_rep1_d1	Escherichia_coli	1	1.0000	1.0000	1.0000	1.0	1.0	1.0	0.0	0.0
Escherichia_coli__diff_k3_rep1_d10	Escherichia_coli	10	1.0000	1.0000	1.0000	1.0	1.0	1.0	0.0	0.0
Escherichia_coli__diff_k3_rep1_d3	Escherichia_coli	3	1.0000	1.0000	1.0000	1.0	0.6666666666666666	0.8	0.33333333333333337	0.19999999999999996
Escherichia_coli__diff_k3_rep1_d5	Escherichia_coli	5	1.0000	1.0000	1.0000	1.0	0.6666666666666666	0.8	0.33333333333333337	0.19999999999999996
Escherichia_coli__diff_k5_rep1_d0.5	Escherichia_coli	0.5	1.0000	0.6000	0.7500	1.0	0.8	0.888888888888889	-0.20000000000000007	-0.13888888888888895
Escherichia_coli__diff_k5_rep1_d1	Escherichia_coli	1	1.0000	1.0000	1.0000	1.0	1.0	1.0	0.0	0.0
Escherichia_coli__diff_k5_rep1_d10	Escherichia_coli	10	1.0000	1.0000	1.0000	1.0	1.0	1.0	0.0	0.0
Escherichia_coli__diff_k5_rep1_d3	Escherichia_coli	3	1.0000	1.0000	1.0000	1.0	0.6	0.7499999999999999	0.4	0.2500000000000001
Escherichia_coli__diff_k5_rep1_d5	Escherichia_coli	5	1.0000	1.0000	1.0000	1.0	0.8	0.888888888888889	0.19999999999999996	0.11111111111111105
Fusobacterium_nucleatum__diff_k2_rep1_d0.5	Fusobacterium_nucleatum	0.5	1.0000	0.5000	0.6667	1.0	0.5	0.6666666666666666	0.0	3.333333333332966e-05
Fusobacterium_nucleatum__diff_k2_rep1_d1	Fusobacterium_nucleatum	1	1.0000	0.5000	0.6667	1.0	1.0	1.0	-0.5	-0.33330000000000004
Fusobacterium_nucleatum__diff_k2_rep1_d10	Fusobacterium_nucleatum	10	1.0000	1.0000	1.0000	1.0	1.0	1.0	0.0	0.0
Fusobacterium_nucleatum__diff_k2_rep1_d3	Fusobacterium_nucleatum	3	1.0000	0.5000	0.6667	1.0	0.5	0.6666666666666666	0.0	3.333333333332966e-05
Fusobacterium_nucleatum__diff_k2_rep1_d5	Fusobacterium_nucleatum	5	1.0000	1.0000	1.0000	1.0	0.5	0.6666666666666666	0.5	0.33333333333333337
Fusobacterium_nucleatum__diff_k3_rep1_d0.5	Fusobacterium_nucleatum	0.5	1.0000	0.6667	0.8000	1.0	0.6666666666666666	0.8	3.333333333332966e-05	0.0
Fusobacterium_nucleatum__diff_k3_rep1_d1	Fusobacterium_nucleatum	1	1.0000	0.6667	0.8000	1.0	1.0	1.0	-0.33330000000000004	-0.19999999999999996
Fusobacterium_nucleatum__diff_k3_rep1_d10	Fusobacterium_nucleatum	10	1.0000	1.0000	1.0000	1.0	0.6666666666666666	0.8	0.33333333333333337	0.19999999999999996
Fusobacterium_nucleatum__diff_k3_rep1_d3	Fusobacterium_nucleatum	3	1.0000	1.0000	1.0000	1.0	0.6666666666666666	0.8	0.33333333333333337	0.19999999999999996
Fusobacterium_nucleatum__diff_k3_rep1_d5	Fusobacterium_nucleatum	5	1.0000	1.0000	1.0000	1.0	0.6666666666666666	0.8	0.33333333333333337	0.19999999999999996
Fusobacterium_nucleatum__diff_k5_rep1_d0.5	Fusobacterium_nucleatum	0.5	1.0000	0.6000	0.7500	1.0	0.8	0.888888888888889	-0.20000000000000007	-0.13888888888888895
Fusobacterium_nucleatum__diff_k5_rep1_d1	Fusobacterium_nucleatum	1	1.0000	0.8000	0.8889	1.0	1.0	1.0	-0.19999999999999996	-0.11109999999999998
Fusobacterium_nucleatum__diff_k5_rep1_d10	Fusobacterium_nucleatum	10	1.0000	1.0000	1.0000	1.0	0.8	0.888888888888889	0.19999999999999996	0.11111111111111105
Fusobacterium_nucleatum__diff_k5_rep1_d3	Fusobacterium_nucleatum	3	1.0000	1.0000	1.0000	1.0	0.6	0.7499999999999999	0.4	0.2500000000000001
Fusobacterium_nucleatum__diff_k5_rep1_d5	Fusobacterium_nucleatum	5	1.0000	1.0000	1.0000	1.0	0.8	0.888888888888889	0.19999999999999996	0.11111111111111105
Klebsiella_pneumoniae__diff_k2_rep1_d0.5	Klebsiella_pneumoniae	0.5	0.0000	0.0000	0.0000	1.0	1.0	1.0	-1.0	-1.0
Klebsiella_pneumoniae__diff_k2_rep1_d1	Klebsiella_pneumoniae	1	1.0000	0.5000	0.6667	1.0	1.0	1.0	-0.5	-0.33330000000000004
Klebsiella_pneumoniae__diff_k2_rep1_d10	Klebsiella_pneumoniae	10	1.0000	1.0000	1.0000	1.0	1.0	1.0	0.0	0.0
Klebsiella_pneumoniae__diff_k2_rep1_d3	Klebsiella_pneumoniae	3	1.0000	0.5000	0.6667	1.0	1.0	1.0	-0.5	-0.33330000000000004
Klebsiella_pneumoniae__diff_k2_rep1_d5	Klebsiella_pneumoniae	5	1.0000	0.5000	0.6667	1.0	1.0	1.0	-0.5	-0.33330000000000004
Klebsiella_pneumoniae__diff_k3_rep1_d0.5	Klebsiella_pneumoniae	0.5	1.0000	0.3333	0.5000	1.0	1.0	1.0	-0.6667000000000001	-0.5
Klebsiella_pneumoniae__diff_k3_rep1_d1	Klebsiella_pneumoniae	1	1.0000	0.3333	0.5000	1.0	1.0	1.0	-0.6667000000000001	-0.5
Klebsiella_pneumoniae__diff_k3_rep1_d10	Klebsiella_pneumoniae	10	1.0000	1.0000	1.0000	1.0	0.6666666666666666	0.8	0.33333333333333337	0.19999999999999996
Klebsiella_pneumoniae__diff_k3_rep1_d3	Klebsiella_pneumoniae	3	1.0000	0.6667	0.8000	1.0	0.6666666666666666	0.8	3.333333333332966e-05	0.0
Klebsiella_pneumoniae__diff_k3_rep1_d5	Klebsiella_pneumoniae	5	1.0000	1.0000	1.0000	1.0	0.6666666666666666	0.8	0.33333333333333337	0.19999999999999996
Klebsiella_pneumoniae__diff_k5_rep1_d0.5	Klebsiella_pneumoniae	0.5	1.0000	0.2000	0.3333	1.0	0.6	0.7499999999999999	-0.39999999999999997	-0.4166999999999999
Klebsiella_pneumoniae__diff_k5_rep1_d1	Klebsiella_pneumoniae	1	1.0000	0.6000	0.7500	1.0	0.8	0.888888888888889	-0.20000000000000007	-0.13888888888888895
Klebsiella_pneumoniae__diff_k5_rep1_d10	Klebsiella_pneumoniae	10	1.0000	0.6000	0.7500	1.0	0.6	0.7499999999999999	0.0	1.1102230246251565e-16
Klebsiella_pneumoniae__diff_k5_rep1_d3	Klebsiella_pneumoniae	3	1.0000	0.6000	0.7500	1.0	0.6	0.7499999999999999	0.0	1.1102230246251565e-16
Klebsiella_pneumoniae__diff_k5_rep1_d5	Klebsiella_pneumoniae	5	1.0000	0.6000	0.7500	1.0	0.6	0.7499999999999999	0.0	1.1102230246251565e-16
Lactiplantibacillus_plantarum__diff_k2_rep1_d0.5	Lactiplantibacillus_plantarum	0.5	1.0000	0.5000	0.6667	1.0	0.5	0.6666666666666666	0.0	3.333333333332966e-05
Lactiplantibacillus_plantarum__diff_k2_rep1_d1	Lactiplantibacillus_plantarum	1	1.0000	0.5000	0.6667	1.0	1.0	1.0	-0.5	-0.33330000000000004
Lactiplantibacillus_plantarum__diff_k2_rep1_d10	Lactiplantibacillus_plantarum	10	1.0000	1.0000	1.0000	1.0	1.0	1.0	0.0	0.0
Lactiplantibacillus_plantarum__diff_k2_rep1_d3	Lactiplantibacillus_plantarum	3	1.0000	1.0000	1.0000	1.0	0.5	0.6666666666666666	0.5	0.33333333333333337
Lactiplantibacillus_plantarum__diff_k2_rep1_d5	Lactiplantibacillus_plantarum	5	1.0000	1.0000	1.0000	1.0	0.5	0.6666666666666666	0.5	0.33333333333333337
Lactiplantibacillus_plantarum__diff_k3_rep1_d0.5	Lactiplantibacillus_plantarum	0.5	1.0000	0.6667	0.8000	1.0	0.6666666666666666	0.8	3.333333333332966e-05	0.0
Lactiplantibacillus_plantarum__diff_k3_rep1_d1	Lactiplantibacillus_plantarum	1	1.0000	0.6667	0.8000	1.0	1.0	1.0	-0.33330000000000004	-0.19999999999999996
Lactiplantibacillus_plantarum__diff_k3_rep1_d10	Lactiplantibacillus_plantarum	10	1.0000	1.0000	1.0000	1.0	1.0	1.0	0.0	0.0
Lactiplantibacillus_plantarum__diff_k3_rep1_d3	Lactiplantibacillus_plantarum	3	1.0000	1.0000	1.0000	1.0	0.6666666666666666	0.8	0.33333333333333337	0.19999999999999996
Lactiplantibacillus_plantarum__diff_k3_rep1_d5	Lactiplantibacillus_plantarum	5	1.0000	1.0000	1.0000	1.0	0.6666666666666666	0.8	0.33333333333333337	0.19999999999999996
Lactiplantibacillus_plantarum__diff_k5_rep1_d0.5	Lactiplantibacillus_plantarum	0.5	1.0000	0.6000	0.7500	1.0	0.8	0.888888888888889	-0.20000000000000007	-0.13888888888888895
Lactiplantibacillus_plantarum__diff_k5_rep1_d1	Lactiplantibacillus_plantarum	1	1.0000	0.8000	0.8889	1.0	1.0	1.0	-0.19999999999999996	-0.11109999999999998
Lactiplantibacillus_plantarum__diff_k5_rep1_d10	Lactiplantibacillus_plantarum	10	1.0000	1.0000	1.0000	1.0	0.8	0.888888888888889	0.19999999999999996	0.11111111111111105
Lactiplantibacillus_plantarum__diff_k5_rep1_d3	Lactiplantibacillus_plantarum	3	1.0000	1.0000	1.0000	1.0	0.6	0.7499999999999999	0.4	0.2500000000000001
Lactiplantibacillus_plantarum__diff_k5_rep1_d5	Lactiplantibacillus_plantarum	5	1.0000	1.0000	1.0000	1.0	0.8	0.888888888888889	0.19999999999999996	0.11111111111111105
Mycobacterium_tuberculosis__same_k2_rep1_d0.5	Mycobacterium_tuberculosis	0.5	1.0000	1.0000	1.0000	1.0	1.0	1.0	0.0	0.0
Mycobacterium_tuberculosis__same_k2_rep1_d1	Mycobacterium_tuberculosis	1	1.0000	1.0000	1.0000	1.0	1.0	1.0	0.0	0.0
Mycobacterium_tuberculosis__same_k2_rep1_d10	Mycobacterium_tuberculosis	10	1.0000	1.0000	1.0000	1.0	1.0	1.0	0.0	0.0
Mycobacterium_tuberculosis__same_k2_rep1_d3	Mycobacterium_tuberculosis	3	1.0000	1.0000	1.0000	1.0	1.0	1.0	0.0	0.0
Mycobacterium_tuberculosis__same_k2_rep1_d5	Mycobacterium_tuberculosis	5	1.0000	1.0000	1.0000	1.0	1.0	1.0	0.0	0.0
Mycobacterium_tuberculosis__same_k3_rep1_d0.5	Mycobacterium_tuberculosis	0.5	1.0000	1.0000	1.0000	1.0	1.0	1.0	0.0	0.0
Mycobacterium_tuberculosis__same_k3_rep1_d1	Mycobacterium_tuberculosis	1	1.0000	1.0000	1.0000	1.0	1.0	1.0	0.0	0.0
Mycobacterium_tuberculosis__same_k3_rep1_d10	Mycobacterium_tuberculosis	10	1.0000	1.0000	1.0000	1.0	1.0	1.0	0.0	0.0
Mycobacterium_tuberculosis__same_k3_rep1_d3	Mycobacterium_tuberculosis	3	1.0000	1.0000	1.0000	1.0	1.0	1.0	0.0	0.0
Mycobacterium_tuberculosis__same_k3_rep1_d5	Mycobacterium_tuberculosis	5	1.0000	1.0000	1.0000	1.0	1.0	1.0	0.0	0.0
Mycobacterium_tuberculosis__same_k5_rep1_d0.5	Mycobacterium_tuberculosis	0.5	1.0000	1.0000	1.0000	1.0	1.0	1.0	0.0	0.0
Mycobacterium_tuberculosis__same_k5_rep1_d1	Mycobacterium_tuberculosis	1	1.0000	1.0000	1.0000	1.0	1.0	1.0	0.0	0.0
Mycobacterium_tuberculosis__same_k5_rep1_d10	Mycobacterium_tuberculosis	10	1.0000	1.0000	1.0000	1.0	1.0	1.0	0.0	0.0
Mycobacterium_tuberculosis__same_k5_rep1_d3	Mycobacterium_tuberculosis	3	1.0000	1.0000	1.0000	1.0	1.0	1.0	0.0	0.0
Mycobacterium_tuberculosis__same_k5_rep1_d5	Mycobacterium_tuberculosis	5	1.0000	1.0000	1.0000	1.0	1.0	1.0	0.0	0.0
Phocaeicola_dorei__diff_k2_rep1_d0.5	Phocaeicola_dorei	0.5	1.0000	0.5000	0.6667	1.0	0.5	0.6666666666666666	0.0	3.333333333332966e-05
Phocaeicola_dorei__diff_k2_rep1_d1	Phocaeicola_dorei	1	1.0000	0.5000	0.6667	1.0	1.0	1.0	-0.5	-0.33330000000000004
Phocaeicola_dorei__diff_k2_rep1_d10	Phocaeicola_dorei	10	1.0000	1.0000	1.0000	1.0	1.0	1.0	0.0	0.0
Phocaeicola_dorei__diff_k2_rep1_d3	Phocaeicola_dorei	3	1.0000	1.0000	1.0000	1.0	0.5	0.6666666666666666	0.5	0.33333333333333337
Phocaeicola_dorei__diff_k2_rep1_d5	Phocaeicola_dorei	5	1.0000	1.0000	1.0000	1.0	0.5	0.6666666666666666	0.5	0.33333333333333337
Phocaeicola_dorei__diff_k3_rep1_d0.5	Phocaeicola_dorei	0.5	1.0000	0.6667	0.8000	1.0	0.6666666666666666	0.8	3.333333333332966e-05	0.0
Phocaeicola_dorei__diff_k3_rep1_d1	Phocaeicola_dorei	1	1.0000	0.6667	0.8000	1.0	1.0	1.0	-0.33330000000000004	-0.19999999999999996
Phocaeicola_dorei__diff_k3_rep1_d10	Phocaeicola_dorei	10	1.0000	1.0000	1.0000	1.0	0.6666666666666666	0.8	0.33333333333333337	0.19999999999999996
Phocaeicola_dorei__diff_k3_rep1_d3	Phocaeicola_dorei	3	1.0000	0.6667	0.8000	1.0	0.6666666666666666	0.8	3.333333333332966e-05	0.0
Phocaeicola_dorei__diff_k3_rep1_d5	Phocaeicola_dorei	5	1.0000	0.6667	0.8000	1.0	0.6666666666666666	0.8	3.333333333332966e-05	0.0
Porphyromonas_gingivalis__diff_k2_rep1_d0.5	Porphyromonas_gingivalis	0.5	1.0000	0.5000	0.6667	1.0	0.5	0.6666666666666666	0.0	3.333333333332966e-05
Porphyromonas_gingivalis__diff_k2_rep1_d1	Porphyromonas_gingivalis	1	1.0000	0.5000	0.6667	1.0	1.0	1.0	-0.5	-0.33330000000000004
Porphyromonas_gingivalis__diff_k2_rep1_d10	Porphyromonas_gingivalis	10	1.0000	1.0000	1.0000	1.0	1.0	1.0	0.0	0.0
Porphyromonas_gingivalis__diff_k2_rep1_d3	Porphyromonas_gingivalis	3	1.0000	0.5000	0.6667	1.0	0.5	0.6666666666666666	0.0	3.333333333332966e-05
Porphyromonas_gingivalis__diff_k2_rep1_d5	Porphyromonas_gingivalis	5	1.0000	0.5000	0.6667	1.0	0.5	0.6666666666666666	0.0	3.333333333332966e-05
Porphyromonas_gingivalis__diff_k3_rep1_d0.5	Porphyromonas_gingivalis	0.5	1.0000	0.3333	0.5000	1.0	0.6666666666666666	0.8	-0.33336666666666664	-0.30000000000000004
Porphyromonas_gingivalis__diff_k3_rep1_d1	Porphyromonas_gingivalis	1	1.0000	0.6667	0.8000	1.0	1.0	1.0	-0.33330000000000004	-0.19999999999999996
Porphyromonas_gingivalis__diff_k3_rep1_d10	Porphyromonas_gingivalis	10	1.0000	0.6667	0.8000	1.0	0.6666666666666666	0.8	3.333333333332966e-05	0.0
Porphyromonas_gingivalis__diff_k3_rep1_d3	Porphyromonas_gingivalis	3	1.0000	0.6667	0.8000	1.0	0.6666666666666666	0.8	3.333333333332966e-05	0.0
Porphyromonas_gingivalis__diff_k3_rep1_d5	Porphyromonas_gingivalis	5	1.0000	0.6667	0.8000	1.0	0.6666666666666666	0.8	3.333333333332966e-05	0.0
Porphyromonas_gingivalis__diff_k5_rep1_d0.5	Porphyromonas_gingivalis	0.5	1.0000	0.4000	0.5714	1.0	0.8	0.888888888888889	-0.4	-0.31748888888888893
Porphyromonas_gingivalis__diff_k5_rep1_d1	Porphyromonas_gingivalis	1	1.0000	0.8000	0.8889	1.0	1.0	1.0	-0.19999999999999996	-0.11109999999999998
Porphyromonas_gingivalis__diff_k5_rep1_d10	Porphyromonas_gingivalis	10	1.0000	1.0000	1.0000	1.0	1.0	1.0	0.0	0.0
Porphyromonas_gingivalis__diff_k5_rep1_d3	Porphyromonas_gingivalis	3	1.0000	1.0000	1.0000	1.0	0.6	0.7499999999999999	0.4	0.2500000000000001
Porphyromonas_gingivalis__diff_k5_rep1_d5	Porphyromonas_gingivalis	5	1.0000	1.0000	1.0000	1.0	0.8	0.888888888888889	0.19999999999999996	0.11111111111111105
Prevotella_copri__diff_k2_rep1_d0.5	Prevotella_copri	0.5	1.0000	0.5000	0.6667	1.0	0.5	0.6666666666666666	0.0	3.333333333332966e-05
Prevotella_copri__diff_k2_rep1_d1	Prevotella_copri	1	1.0000	1.0000	1.0000	1.0	1.0	1.0	0.0	0.0
Prevotella_copri__diff_k2_rep1_d10	Prevotella_copri	10	1.0000	1.0000	1.0000	1.0	1.0	1.0	0.0	0.0
Prevotella_copri__diff_k2_rep1_d3	Prevotella_copri	3	1.0000	1.0000	1.0000	1.0	0.5	0.6666666666666666	0.5	0.33333333333333337
Prevotella_copri__diff_k2_rep1_d5	Prevotella_copri	5	1.0000	1.0000	1.0000	1.0	0.5	0.6666666666666666	0.5	0.33333333333333337
Prevotella_copri__diff_k3_rep1_d0.5	Prevotella_copri	0.5	1.0000	0.3333	0.5000	1.0	0.6666666666666666	0.8	-0.33336666666666664	-0.30000000000000004
Prevotella_copri__diff_k3_rep1_d1	Prevotella_copri	1	1.0000	0.3333	0.5000	1.0	1.0	1.0	-0.6667000000000001	-0.5
Prevotella_copri__diff_k3_rep1_d10	Prevotella_copri	10	1.0000	0.6667	0.8000	1.0	0.6666666666666666	0.8	3.333333333332966e-05	0.0
Prevotella_copri__diff_k3_rep1_d3	Prevotella_copri	3	1.0000	0.6667	0.8000	1.0	0.6666666666666666	0.8	3.333333333332966e-05	0.0
Prevotella_copri__diff_k3_rep1_d5	Prevotella_copri	5	1.0000	0.6667	0.8000	1.0	0.6666666666666666	0.8	3.333333333332966e-05	0.0
Prevotella_copri__diff_k5_rep1_d0.5	Prevotella_copri	0.5	1.0000	0.8000	0.8889	1.0	0.8	0.888888888888889	0.0	1.111111111107288e-05
Prevotella_copri__diff_k5_rep1_d1	Prevotella_copri	1	1.0000	1.0000	1.0000	1.0	1.0	1.0	0.0	0.0
Prevotella_copri__diff_k5_rep1_d10	Prevotella_copri	10	1.0000	1.0000	1.0000	1.0	0.8	0.888888888888889	0.19999999999999996	0.11111111111111105
Prevotella_copri__diff_k5_rep1_d3	Prevotella_copri	3	1.0000	1.0000	1.0000	1.0	0.6	0.7499999999999999	0.4	0.2500000000000001
Prevotella_copri__diff_k5_rep1_d5	Prevotella_copri	5	1.0000	1.0000	1.0000	1.0	0.8	0.888888888888889	0.19999999999999996	0.11111111111111105
Staphylococcus_aureus__diff_k2_rep1_d0.5	Staphylococcus_aureus	0.5	0.0000	0.0000	0.0000	1.0	0.5	0.6666666666666666	-0.5	-0.6666666666666666
Staphylococcus_aureus__diff_k2_rep1_d1	Staphylococcus_aureus	1	1.0000	0.5000	0.6667	1.0	1.0	1.0	-0.5	-0.33330000000000004
Staphylococcus_aureus__diff_k2_rep1_d10	Staphylococcus_aureus	10	1.0000	1.0000	1.0000	1.0	1.0	1.0	0.0	0.0
Staphylococcus_aureus__diff_k2_rep1_d3	Staphylococcus_aureus	3	1.0000	1.0000	1.0000	1.0	0.5	0.6666666666666666	0.5	0.33333333333333337
Staphylococcus_aureus__diff_k2_rep1_d5	Staphylococcus_aureus	5	1.0000	1.0000	1.0000	1.0	0.5	0.6666666666666666	0.5	0.33333333333333337
Staphylococcus_aureus__diff_k3_rep1_d0.5	Staphylococcus_aureus	0.5	0.0000	0.0000	0.0000	1.0	0.6666666666666666	0.8	-0.6666666666666666	-0.8
Staphylococcus_aureus__diff_k3_rep1_d1	Staphylococcus_aureus	1	1.0000	0.6667	0.8000	1.0	1.0	1.0	-0.33330000000000004	-0.19999999999999996
Staphylococcus_aureus__diff_k3_rep1_d10	Staphylococcus_aureus	10	1.0000	0.6667	0.8000	1.0	0.3333333333333333	0.5	0.33336666666666664	0.30000000000000004
Staphylococcus_aureus__diff_k3_rep1_d3	Staphylococcus_aureus	3	1.0000	0.6667	0.8000	1.0	0.3333333333333333	0.5	0.33336666666666664	0.30000000000000004
Staphylococcus_aureus__diff_k3_rep1_d5	Staphylococcus_aureus	5	1.0000	0.6667	0.8000	1.0	0.3333333333333333	0.5	0.33336666666666664	0.30000000000000004
Staphylococcus_aureus__diff_k5_rep1_d0.5	Staphylococcus_aureus	0.5	1.0000	0.2000	0.3333	1.0	0.8	0.888888888888889	-0.6000000000000001	-0.5555888888888889
Staphylococcus_aureus__diff_k5_rep1_d1	Staphylococcus_aureus	1	1.0000	0.6000	0.7500	1.0	1.0	1.0	-0.4	-0.25
Staphylococcus_aureus__diff_k5_rep1_d10	Staphylococcus_aureus	10	1.0000	1.0000	1.0000	1.0	1.0	1.0	0.0	0.0
Staphylococcus_aureus__diff_k5_rep1_d3	Staphylococcus_aureus	3	1.0000	0.6000	0.7500	1.0	0.6	0.7499999999999999	0.0	1.1102230246251565e-16
Staphylococcus_aureus__diff_k5_rep1_d5	Staphylococcus_aureus	5	1.0000	0.8000	0.8889	1.0	0.8	0.888888888888889	0.0	1.111111111107288e-05
Staphylococcus_epidermidis__diff_k2_rep1_d0.5	Staphylococcus_epidermidis	0.5	1.0000	0.5000	0.6667	1.0	0.5	0.6666666666666666	0.0	3.333333333332966e-05
Staphylococcus_epidermidis__diff_k2_rep1_d1	Staphylococcus_epidermidis	1	1.0000	0.5000	0.6667	1.0	1.0	1.0	-0.5	-0.33330000000000004
Staphylococcus_epidermidis__diff_k2_rep1_d10	Staphylococcus_epidermidis	10	1.0000	1.0000	1.0000	1.0	1.0	1.0	0.0	0.0
Staphylococcus_epidermidis__diff_k2_rep1_d3	Staphylococcus_epidermidis	3	1.0000	1.0000	1.0000	1.0	0.5	0.6666666666666666	0.5	0.33333333333333337
Staphylococcus_epidermidis__diff_k2_rep1_d5	Staphylococcus_epidermidis	5	1.0000	1.0000	1.0000	1.0	0.5	0.6666666666666666	0.5	0.33333333333333337
Staphylococcus_epidermidis__diff_k3_rep1_d0.5	Staphylococcus_epidermidis	0.5	1.0000	0.3333	0.5000	1.0	0.6666666666666666	0.8	-0.33336666666666664	-0.30000000000000004
Staphylococcus_epidermidis__diff_k3_rep1_d1	Staphylococcus_epidermidis	1	1.0000	0.6667	0.8000	1.0	0.6666666666666666	0.8	3.333333333332966e-05	0.0
Staphylococcus_epidermidis__diff_k3_rep1_d10	Staphylococcus_epidermidis	10	1.0000	1.0000	1.0000	1.0	0.6666666666666666	0.8	0.33333333333333337	0.19999999999999996
Staphylococcus_epidermidis__diff_k3_rep1_d3	Staphylococcus_epidermidis	3	1.0000	0.6667	0.8000	1.0	0.6666666666666666	0.8	3.333333333332966e-05	0.0
Staphylococcus_epidermidis__diff_k3_rep1_d5	Staphylococcus_epidermidis	5	1.0000	0.6667	0.8000	1.0	0.6666666666666666	0.8	3.333333333332966e-05	0.0
Staphylococcus_epidermidis__diff_k5_rep1_d0.5	Staphylococcus_epidermidis	0.5	1.0000	0.2000	0.3333	1.0	1.0	1.0	-0.8	-0.6667000000000001
Staphylococcus_epidermidis__diff_k5_rep1_d1	Staphylococcus_epidermidis	1	1.0000	0.4000	0.5714	1.0	1.0	1.0	-0.6	-0.4286
Staphylococcus_epidermidis__diff_k5_rep1_d10	Staphylococcus_epidermidis	10	1.0000	1.0000	1.0000	1.0	1.0	1.0	0.0	0.0
Staphylococcus_epidermidis__diff_k5_rep1_d3	Staphylococcus_epidermidis	3	1.0000	0.8000	0.8889	1.0	0.6	0.7499999999999999	0.20000000000000007	0.13890000000000013
Staphylococcus_epidermidis__diff_k5_rep1_d5	Staphylococcus_epidermidis	5	1.0000	1.0000	1.0000	1.0	0.6	0.7499999999999999	0.4	0.2500000000000001
Streptococcus_pneumoniae__diff_k2_rep1_d0.5	Streptococcus_pneumoniae	0.5	1.0000	0.5000	0.6667	1.0	0.5	0.6666666666666666	0.0	3.333333333332966e-05
Streptococcus_pneumoniae__diff_k2_rep1_d1	Streptococcus_pneumoniae	1	1.0000	0.5000	0.6667	1.0	1.0	1.0	-0.5	-0.33330000000000004
Streptococcus_pneumoniae__diff_k2_rep1_d10	Streptococcus_pneumoniae	10	1.0000	1.0000	1.0000	1.0	0.5	0.6666666666666666	0.5	0.33333333333333337
Streptococcus_pneumoniae__diff_k2_rep1_d3	Streptococcus_pneumoniae	3	1.0000	0.5000	0.6667	1.0	0.5	0.6666666666666666	0.0	3.333333333332966e-05
Streptococcus_pneumoniae__diff_k2_rep1_d5	Streptococcus_pneumoniae	5	1.0000	0.5000	0.6667	1.0	0.5	0.6666666666666666	0.0	3.333333333332966e-05
Streptococcus_pneumoniae__diff_k3_rep1_d0.5	Streptococcus_pneumoniae	0.5	1.0000	0.6667	0.8000	1.0	0.6666666666666666	0.8	3.333333333332966e-05	0.0
Streptococcus_pneumoniae__diff_k3_rep1_d1	Streptococcus_pneumoniae	1	1.0000	0.6667	0.8000	1.0	1.0	1.0	-0.33330000000000004	-0.19999999999999996
Streptococcus_pneumoniae__diff_k3_rep1_d10	Streptococcus_pneumoniae	10	1.0000	1.0000	1.0000	1.0	1.0	1.0	0.0	0.0
Streptococcus_pneumoniae__diff_k3_rep1_d3	Streptococcus_pneumoniae	3	1.0000	1.0000	1.0000	1.0	0.6666666666666666	0.8	0.33333333333333337	0.19999999999999996
Streptococcus_pneumoniae__diff_k3_rep1_d5	Streptococcus_pneumoniae	5	1.0000	1.0000	1.0000	1.0	0.6666666666666666	0.8	0.33333333333333337	0.19999999999999996
Streptococcus_pneumoniae__diff_k5_rep1_d0.5	Streptococcus_pneumoniae	0.5	1.0000	0.4000	0.5714	1.0	0.8	0.888888888888889	-0.4	-0.31748888888888893
Streptococcus_pneumoniae__diff_k5_rep1_d1	Streptococcus_pneumoniae	1	1.0000	0.6000	0.7500	1.0	1.0	1.0	-0.4	-0.25
Streptococcus_pneumoniae__diff_k5_rep1_d10	Streptococcus_pneumoniae	10	1.0000	1.0000	1.0000	1.0	0.8	0.888888888888889	0.19999999999999996	0.11111111111111105
Streptococcus_pneumoniae__diff_k5_rep1_d3	Streptococcus_pneumoniae	3	1.0000	1.0000	1.0000	1.0	0.6	0.7499999999999999	0.4	0.2500000000000001
Streptococcus_pneumoniae__diff_k5_rep1_d5	Streptococcus_pneumoniae	5	1.0000	1.0000	1.0000	1.0	0.8	0.888888888888889	0.19999999999999996	0.11111111111111105
