group	n	s2b_precision	s2b_recall	s2b_f1	ss_precision	ss_recall	ss_f1	recall_difference	f1_difference
Akkermansia_muciniphila	14	1.0	0.8	0.8889	1.0	1.0	1.0	0.0	0.0
Clostridioides_difficile	15	1.0	0.8	0.8889	1.0	0.6666666666666666	0.8	0.0	0.0
Cutibacterium_acnes	15	1.0	0.6667	0.8	1.0	0.8	0.888888888888889	0.0	0.0
Escherichia_coli	15	1.0	1.0	1.0	1.0	0.8	0.888888888888889	0.0	0.0
Fusobacterium_nucleatum	15	1.0	1.0	1.0	1.0	0.6666666666666666	0.8	3.333333333332966e-05	3.333333333332966e-05
Klebsiella_pneumoniae	15	1.0	0.6	0.75	1.0	0.8	0.888888888888889	-0.20000000000000007	-0.13888888888888895
Lactiplantibacillus_plantarum	15	1.0	1.0	1.0	1.0	0.8	0.888888888888889	3.333333333332966e-05	3.333333333332966e-05
Mycobacterium_tuberculosis	15	1.0	1.0	1.0	1.0	1.0	1.0	0.0	0.0
Phocaeicola_dorei	10	1.0	0.6667	0.8	1.0	0.6666666666666666	0.8	3.333333333332966e-05	0.0
Porphyromonas_gingivalis	15	1.0	0.6667	0.8	1.0	0.6666666666666666	0.8	0.0	0.0
Prevotella_copri	15	1.0	1.0	1.0	1.0	0.6666666666666666	0.8	3.333333333332966e-05	0.0
Staphylococcus_aureus	15	1.0	0.6667	0.8	1.0	0.6666666666666666	0.8	0.0	0.0
Staphylococcus_epidermidis	15	1.0	0.6667	0.8	1.0	0.6666666666666666	0.8	3.333333333332966e-05	0.0
Streptococcus_pneumoniae	15	1.0	0.6667	0.8	1.0	0.6666666666666666	0.8	0.0	3.333333333332966e-05
