scope	species	n_input_genomes	n_skipped_empty_genomes	n_kept_references	n_clustered_genomes	build_wall_s	build_maxrss_bytes	database	database_sha256	clusters	keep_list	kmerize_wall_s	kmerize_maxrss_bytes	build_cpu_s
ATCC_DNA_mock_164	Acinetobacter_baumannii	6	0	6	6	42.05	1236729856	work/strainge_rerun/databases/mock/Acinetobacter_baumannii.straingst.hdf5	6414c57de35590ac28eadabba5b67d5a347756976d19ffb6bd169c86b0d06b20	work/strainge_rerun/databases/mock/Acinetobacter_baumannii.clusters.tsv	work/strainge_rerun/databases/mock/Acinetobacter_baumannii.keep.txt	37.44		26.959999999999997
ATCC_DNA_mock_164	Acinetobacter_johnsonii	6	0	6	6	36.66	1233616896	work/strainge_rerun/databases/mock/Acinetobacter_johnsonii.straingst.hdf5	a0f0d7f43d90aa3657c15e995f84fe83b61fc1ccf05002b0ab49d7cf82d6c7e1	work/strainge_rerun/databases/mock/Acinetobacter_johnsonii.clusters.tsv	work/strainge_rerun/databases/mock/Acinetobacter_johnsonii.keep.txt	36.53		26.06
ATCC_DNA_mock_164	Bacillus_pacificus	6	0	4	6	35.44	1179238400	work/strainge_rerun/databases/mock/Bacillus_pacificus.straingst.hdf5	4812f62ab7fb24d202376e48c620a1ac07968790a1017d525ad980b15d03a7cc	work/strainge_rerun/databases/mock/Bacillus_pacificus.clusters.tsv	work/strainge_rerun/databases/mock/Bacillus_pacificus.keep.txt	40.88		26.939999999999998
ATCC_DNA_mock_164	Bifidobacterium_adolescentis	6	0	6	6	24.740000000000002	831963136	work/strainge_rerun/databases/mock/Bifidobacterium_adolescentis.straingst.hdf5	0db72f4e9ccdab4a7ad02903e8bc19f942ca72c4728da982f67d0e12b10e1a7e	work/strainge_rerun/databases/mock/Bifidobacterium_adolescentis.clusters.tsv	work/strainge_rerun/databases/mock/Bifidobacterium_adolescentis.keep.txt	35.07		21.61
ATCC_DNA_mock_164	Cereibacter_sphaeroides	6	0	4	6	32.18	1053458432	work/strainge_rerun/databases/mock/Cereibacter_sphaeroides.straingst.hdf5	b3a0efd96277f2f046545923f4fd89ba2f67ceedf1e12c91ccd3ba780651a436	work/strainge_rerun/databases/mock/Cereibacter_sphaeroides.clusters.tsv	work/strainge_rerun/databases/mock/Cereibacter_sphaeroides.keep.txt	36.89		26.240000000000002
ATCC_DNA_mock_164	Clostridium_beijerinckii	6	0	1	6	31.009999999999998	504774656	work/strainge_rerun/databases/mock/Clostridium_beijerinckii.straingst.hdf5	fb14dd36d0dfede4b8aaa239a967ecfc5b8a0d48766ae76608851c68197c4d0f	work/strainge_rerun/databases/mock/Clostridium_beijerinckii.clusters.tsv	work/strainge_rerun/databases/mock/Clostridium_beijerinckii.keep.txt	38.41		23.32
ATCC_DNA_mock_164	Corynebacterium_striatum	6	0	6	6	32.87	893632512	work/strainge_rerun/databases/mock/Corynebacterium_striatum.straingst.hdf5	a22a508330d42e2b501c07205d0d28ce76f692913e656879d508d717c40a29c7	work/strainge_rerun/databases/mock/Corynebacterium_striatum.clusters.tsv	work/strainge_rerun/databases/mock/Corynebacterium_striatum.keep.txt	35.04		25.02
ATCC_DNA_mock_164	Cutibacterium_acnes	6	0	4	6	32.85	673546240	work/strainge_rerun/databases/mock/Cutibacterium_acnes.straingst.hdf5	488c987bbcb0f7131ee04583ad557cdbcc1d72806b2f67703981038afb2f08e8	work/strainge_rerun/databases/mock/Cutibacterium_acnes.clusters.tsv	work/strainge_rerun/databases/mock/Cutibacterium_acnes.keep.txt	33.36		24.11
ATCC_DNA_mock_164	Deinococcus_radiodurans	6	0	1	6	31.85	414990336	work/strainge_rerun/databases/mock/Deinococcus_radiodurans.straingst.hdf5	64601a7ebcc0a44a747a22c728d3685c4216da9f1d6b06624fbf1741a861e2d3	work/strainge_rerun/databases/mock/Deinococcus_radiodurans.clusters.tsv	work/strainge_rerun/databases/mock/Deinococcus_radiodurans.keep.txt	34.29		22.689999999999998
ATCC_DNA_mock_164	Enterococcus_faecalis	6	0	6	6	36.87	992919552	work/strainge_rerun/databases/mock/Enterococcus_faecalis.straingst.hdf5	375fd1bf900bcb3c42ab6e4d30fc4836cc7e563047d40c48148be81ada2c73e0	work/strainge_rerun/databases/mock/Enterococcus_faecalis.clusters.tsv	work/strainge_rerun/databases/mock/Enterococcus_faecalis.keep.txt	33.99		26.1
ATCC_DNA_mock_164	Escherichia_coli	6	0	3	6	39.35	896614400	work/strainge_rerun/databases/mock/Escherichia_coli.straingst.hdf5	e442f493b2e898e70eec1285c140aae4f0636a9d279dc8f31e066379ca277942	work/strainge_rerun/databases/mock/Escherichia_coli.clusters.tsv	work/strainge_rerun/databases/mock/Escherichia_coli.keep.txt	37.24		25.15
ATCC_DNA_mock_164	Gardnerella_vaginalis	6	0	6	6	29.790000000000003	727400448	work/strainge_rerun/databases/mock/Gardnerella_vaginalis.straingst.hdf5	006844b761c77b02cffdf0480a933c066832314a7a4177b417eb1fce14e0cdf9	work/strainge_rerun/databases/mock/Gardnerella_vaginalis.clusters.tsv	work/strainge_rerun/databases/mock/Gardnerella_vaginalis.keep.txt	35.14		23.490000000000002
ATCC_DNA_mock_164	Helicobacter_pylori	6	0	2	6	29.3	452050944	work/strainge_rerun/databases/mock/Helicobacter_pylori.straingst.hdf5	9a3baba7f461dfa162e60e35b3f1749d880c6c0508c867be345ec112652dd575	work/strainge_rerun/databases/mock/Helicobacter_pylori.clusters.tsv	work/strainge_rerun/databases/mock/Helicobacter_pylori.keep.txt	48.04		22.33
ATCC_DNA_mock_164	Lactobacillus_gasseri	6	0	6	6	30.07	729579520	work/strainge_rerun/databases/mock/Lactobacillus_gasseri.straingst.hdf5	cc45da137440ac499bfeadc0708e04066e3845c4950b422037699a5ccfcaf74d	work/strainge_rerun/databases/mock/Lactobacillus_gasseri.clusters.tsv	work/strainge_rerun/databases/mock/Lactobacillus_gasseri.keep.txt	35.74		23.96
ATCC_DNA_mock_164	Lactobacillus_jensenii	6	0	3	6	31.599999999999998	516440064	work/strainge_rerun/databases/mock/Lactobacillus_jensenii.straingst.hdf5	58ebfbb88ecd5f6b7fa6f1d333127e84a77b4737744fb91581bf9def01963fbb	work/strainge_rerun/databases/mock/Lactobacillus_jensenii.clusters.tsv	work/strainge_rerun/databases/mock/Lactobacillus_jensenii.keep.txt	33.22		22.919999999999998
ATCC_DNA_mock_164	Metamycoplasma_hominis	6	0	4	6	29.5	440123392	work/strainge_rerun/databases/mock/Metamycoplasma_hominis.straingst.hdf5	b98d590d7f2c13ecea3e294f543672abbf64c815c52a4b641d6c6ab4265767d4	work/strainge_rerun/databases/mock/Metamycoplasma_hominis.clusters.tsv	work/strainge_rerun/databases/mock/Metamycoplasma_hominis.keep.txt	30.38		22.23
ATCC_DNA_mock_164	Micrococcus_luteus	6	0	6	6	32.46	919388160	work/strainge_rerun/databases/mock/Micrococcus_luteus.straingst.hdf5	7410f21c37b1ca03f5b7fdcbb4a0ad9830cfe573fbfc8749401752b34aaa58c8	work/strainge_rerun/databases/mock/Micrococcus_luteus.clusters.tsv	work/strainge_rerun/databases/mock/Micrococcus_luteus.keep.txt	32.99		25.09
ATCC_DNA_mock_164	Neisseria_meningitidis	6	0	4	6	29.060000000000002	631160832	work/strainge_rerun/databases/mock/Neisseria_meningitidis.straingst.hdf5	1b587241f77f11731a3c5fca7ec2ef58de3417a60c00a81f3059768653576f0a	work/strainge_rerun/databases/mock/Neisseria_meningitidis.clusters.tsv	work/strainge_rerun/databases/mock/Neisseria_meningitidis.keep.txt	32.33		23.1
ATCC_DNA_mock_164	Phocaeicola_vulgatus	6	0	5	6	36.0	1371324416	work/strainge_rerun/databases/mock/Phocaeicola_vulgatus.straingst.hdf5	cab98b616f2cdbf9072bd9f50ae892fe25bd087a2373f75c5f5b971f8297f976	work/strainge_rerun/databases/mock/Phocaeicola_vulgatus.clusters.tsv	work/strainge_rerun/databases/mock/Phocaeicola_vulgatus.keep.txt	37.53		27.66
ATCC_DNA_mock_164	Porphyromonas_gingivalis	6	0	6	6	37.76	827342848	work/strainge_rerun/databases/mock/Porphyromonas_gingivalis.straingst.hdf5	080556fe309ca2f9327d80d8b50a5f54c7dd755c11151174b2bac2f3551fd0f6	work/strainge_rerun/databases/mock/Porphyromonas_gingivalis.clusters.tsv	work/strainge_rerun/databases/mock/Porphyromonas_gingivalis.keep.txt	33.08		24.48
ATCC_DNA_mock_164	Prevotella_bivia	6	0	4	6	33.1	726040576	work/strainge_rerun/databases/mock/Prevotella_bivia.straingst.hdf5	afa18f76aea1d15c7b33d75dd347d21606cf55cd5f4fcd707a8e42122318a9f6	work/strainge_rerun/databases/mock/Prevotella_bivia.clusters.tsv	work/strainge_rerun/databases/mock/Prevotella_bivia.keep.txt	34.52		20.04
ATCC_DNA_mock_164	Pseudomonas_paraeruginosa	6	0	5	6	39.85	1317257216	work/strainge_rerun/databases/mock/Pseudomonas_paraeruginosa.straingst.hdf5	98f0928cfbc279af45eca48f92db70918fb198173a0e346a541e3b2770e6393a	work/strainge_rerun/databases/mock/Pseudomonas_paraeruginosa.clusters.tsv	work/strainge_rerun/databases/mock/Pseudomonas_paraeruginosa.keep.txt	42.22		27.93
ATCC_DNA_mock_164	Schaalia_odontolytica	6	0	5	6	31.18	853803008	work/strainge_rerun/databases/mock/Schaalia_odontolytica.straingst.hdf5	5954611535eafc7681ec551eb5177d7ae6ca70e689a9d7045fea3cbfa74f95ef	work/strainge_rerun/databases/mock/Schaalia_odontolytica.clusters.tsv	work/strainge_rerun/databases/mock/Schaalia_odontolytica.keep.txt	33.11		24.02
ATCC_DNA_mock_164	Staphylococcus_aureus	6	0	4	6	33.42	783237120	work/strainge_rerun/databases/mock/Staphylococcus_aureus.straingst.hdf5	f00a0871d74f17bdb244e38f08b37cfc182ae70091fd92ecb84fdf6442ecf0da	work/strainge_rerun/databases/mock/Staphylococcus_aureus.clusters.tsv	work/strainge_rerun/databases/mock/Staphylococcus_aureus.keep.txt	36.38		24.17
ATCC_DNA_mock_164	Staphylococcus_epidermidis	6	0	6	6	30.919999999999998	961265664	work/strainge_rerun/databases/mock/Staphylococcus_epidermidis.straingst.hdf5	931a74dbafcbd0fe0c964aa1271af909f59cf3ae2d4f3ea0b81573d431bbd6be	work/strainge_rerun/databases/mock/Staphylococcus_epidermidis.clusters.tsv	work/strainge_rerun/databases/mock/Staphylococcus_epidermidis.keep.txt	35.44		25.16
ATCC_DNA_mock_164	Streptococcus_agalactiae	6	0	6	6	33.01	778600448	work/strainge_rerun/databases/mock/Streptococcus_agalactiae.straingst.hdf5	d7ff76584025b8ae0fd3fcd2ddefeecb1794b37d7ede2799311adea4b2052774	work/strainge_rerun/databases/mock/Streptococcus_agalactiae.clusters.tsv	work/strainge_rerun/databases/mock/Streptococcus_agalactiae.keep.txt	35.63		24.41
ATCC_DNA_mock_164	Streptococcus_mitis	2	0	2	2	29.24	471449600	work/strainge_rerun/databases/mock/Streptococcus_mitis.straingst.hdf5	03be12a00ed480eecddb2fca3e51c89cdeadbe60eccad02105f440d2ec5f498d	work/strainge_rerun/databases/mock/Streptococcus_mitis.clusters.tsv	work/strainge_rerun/databases/mock/Streptococcus_mitis.keep.txt	10.71		22.54
ATCC_DNA_mock_164	Streptococcus_mutans	6	0	6	6	36.160000000000004	717832192	work/strainge_rerun/databases/mock/Streptococcus_mutans.straingst.hdf5	14e164b0fdafea190fbb2f4fbd68e012673bec9c6d1cea0c3717a55d1af28185	work/strainge_rerun/databases/mock/Streptococcus_mutans.clusters.tsv	work/strainge_rerun/databases/mock/Streptococcus_mutans.keep.txt	32.66		24.08
