scope	species	n_input_genomes	n_skipped_empty_genomes	n_kept_references	n_clustered_genomes	build_wall_s	build_maxrss_bytes	database	database_sha256	clusters	keep_list	build_cpu_s
simulation_15_species	Akkermansia_muciniphila	50	0	24	50	47.08	3698081792	work/strainge_rerun/databases/sim/Akkermansia_muciniphila.straingst.hdf5	1517730b652e22843a0063db8357a5a5e8eb63e52ad1f822e1c53de326876637	work/strainge_rerun/databases/sim/Akkermansia_muciniphila.clusters.tsv	work/strainge_rerun/databases/sim/Akkermansia_muciniphila.keep.txt	36.67
simulation_15_species	Clostridioides_difficile	47	0	16	47	45.39	2516811776	work/strainge_rerun/databases/sim/Clostridioides_difficile.straingst.hdf5	1a606c40ed0a39cbca3e481b9b2f194cc6c0d938eab783ffd76513fd9a01fa90	work/strainge_rerun/databases/sim/Clostridioides_difficile.clusters.tsv	work/strainge_rerun/databases/sim/Clostridioides_difficile.keep.txt	37.16
simulation_15_species	Cutibacterium_acnes	43	0	5	43	29.659999999999997	779059200	work/strainge_rerun/databases/sim/Cutibacterium_acnes.straingst.hdf5	7caa36fd9de5cfe3dd102c15279d1b1b010bc2e85add4ac1697e0a4e45f311f8	work/strainge_rerun/databases/sim/Cutibacterium_acnes.clusters.tsv	work/strainge_rerun/databases/sim/Cutibacterium_acnes.keep.txt	24.490000000000002
simulation_15_species	Escherichia_coli	50	0	14	50	49.410000000000004	3745497088	work/strainge_rerun/databases/sim/Escherichia_coli.straingst.hdf5	6bc0d60a64aafb5392446fc5a3331d2a072298de1d1aa3283c90b04653c10c54	work/strainge_rerun/databases/sim/Escherichia_coli.clusters.tsv	work/strainge_rerun/databases/sim/Escherichia_coli.keep.txt	39.24
simulation_15_species	Fusobacterium_nucleatum	25	0	17	25	117.92	2243723264	work/strainge_rerun/databases/sim/Fusobacterium_nucleatum.straingst.hdf5	652e324f0a2f6db8b9fb6b2095285dd478d6cf890c79dce54107d591de778a2b	work/strainge_rerun/databases/sim/Fusobacterium_nucleatum.clusters.tsv	work/strainge_rerun/databases/sim/Fusobacterium_nucleatum.keep.txt	28.36
simulation_15_species	Klebsiella_pneumoniae	46	1	17	46	52.93	3781263360	work/strainge_rerun/databases/sim/Klebsiella_pneumoniae.straingst.hdf5	f9262860cb61d99ffa10b5201898e72dd13872ea5e7c912375ac67fab882ae5b	work/strainge_rerun/databases/sim/Klebsiella_pneumoniae.clusters.tsv	work/strainge_rerun/databases/sim/Klebsiella_pneumoniae.keep.txt	43.17
simulation_15_species	Lactiplantibacillus_plantarum	50	0	33	50	51.6	4291428352	work/strainge_rerun/databases/sim/Lactiplantibacillus_plantarum.straingst.hdf5	163e437054a7f8002d2b66cd35f3d5cccb8ce10b9b3bb26040d311993e294223	work/strainge_rerun/databases/sim/Lactiplantibacillus_plantarum.clusters.tsv	work/strainge_rerun/databases/sim/Lactiplantibacillus_plantarum.keep.txt	44.36
simulation_15_species	Mycobacterium_tuberculosis	29	0	1	29	45.08	444055552	work/strainge_rerun/databases/sim/Mycobacterium_tuberculosis.straingst.hdf5	8c442ef2a3f5ffee24425a003b36bebd2997ee3ba030d46191db85bfee5cb20e	work/strainge_rerun/databases/sim/Mycobacterium_tuberculosis.clusters.tsv	work/strainge_rerun/databases/sim/Mycobacterium_tuberculosis.keep.txt	23.07
simulation_15_species	Phocaeicola_dorei	15	0	10	15	43.45	2264973312	work/strainge_rerun/databases/sim/Phocaeicola_dorei.straingst.hdf5	8aa9e41ff09078fba107737ed71f8bc6644360d30d77335aed9585f85f844d73	work/strainge_rerun/databases/sim/Phocaeicola_dorei.clusters.tsv	work/strainge_rerun/databases/sim/Phocaeicola_dorei.keep.txt	31.77
simulation_15_species	Porphyromonas_gingivalis	43	0	29	43	39.29	3070230528	work/strainge_rerun/databases/sim/Porphyromonas_gingivalis.straingst.hdf5	023d8931da427f4e640606d010d612ea40a7dfc7f8c8f3320cb42e5b7bb332cc	work/strainge_rerun/databases/sim/Porphyromonas_gingivalis.clusters.tsv	work/strainge_rerun/databases/sim/Porphyromonas_gingivalis.keep.txt	30.35
simulation_15_species	Prevotella_copri	19	0	17	19	46.89	5297078272	work/strainge_rerun/databases/sim/Prevotella_copri.straingst.hdf5	19cef2c851315d63d5d54d18e33ad66d9bba7b10386cb3da19800e7c1b8044d5	work/strainge_rerun/databases/sim/Prevotella_copri.clusters.tsv	work/strainge_rerun/databases/sim/Prevotella_copri.keep.txt	39.26
simulation_15_species	Salmonella_enterica	45	0	12	45	40.17	2728738816	work/strainge_rerun/databases/sim/Salmonella_enterica.straingst.hdf5	ca9121414e47510a87e9e570e1a11ab8cdfb9e3e84238c9d72f6aa6278d0faf7	work/strainge_rerun/databases/sim/Salmonella_enterica.clusters.tsv	work/strainge_rerun/databases/sim/Salmonella_enterica.keep.txt	34.68
simulation_15_species	Staphylococcus_aureus	48	0	6	48	34.8	894320640	work/strainge_rerun/databases/sim/Staphylococcus_aureus.straingst.hdf5	c78fef95a46ebb4f5f8bfa33416e0407662c1c2dcd5d317404502dbadb3a6fe2	work/strainge_rerun/databases/sim/Staphylococcus_aureus.clusters.tsv	work/strainge_rerun/databases/sim/Staphylococcus_aureus.keep.txt	25.8
simulation_15_species	Staphylococcus_epidermidis	50	0	4	50	29.59	705052672	work/strainge_rerun/databases/sim/Staphylococcus_epidermidis.straingst.hdf5	a92a4411b288c8093892826c8002464ee7af9653a2d4e155e6303708cf7c867c	work/strainge_rerun/databases/sim/Staphylococcus_epidermidis.clusters.tsv	work/strainge_rerun/databases/sim/Staphylococcus_epidermidis.keep.txt	23.57
simulation_15_species	Streptococcus_pneumoniae	50	0	35	50	49.64	3177103360	work/strainge_rerun/databases/sim/Streptococcus_pneumoniae.straingst.hdf5	f221673d1d11d9c5715eb0eb52db48ad147878f8a1e6feb16e3ab32b04c9f5cf	work/strainge_rerun/databases/sim/Streptococcus_pneumoniae.clusters.tsv	work/strainge_rerun/databases/sim/Streptococcus_pneumoniae.keep.txt	38.57
