benchmark	kind	sample	species	depth	status	n_truth	n_pred	tp	fp	fn	precision	recall	f1	bray_curtis_similarity	l2_similarity
simulation	single	Akkermansia_muciniphila__diff_k2_rep1_d0.5	Akkermansia_muciniphila	0.5	completed	2	2	2	0	0	1.0	1.0	1.0	0.9934440579078606	0.9907284977791638
simulation	single	Akkermansia_muciniphila__diff_k2_rep1_d1	Akkermansia_muciniphila	1	completed	2	2	2	0	0	1.0	1.0	1.0	0.9931842287861996	0.9903610439114113
simulation	single	Akkermansia_muciniphila__diff_k2_rep1_d3	Akkermansia_muciniphila	3	completed	2	2	2	0	0	1.0	1.0	1.0	0.9928873150105708	0.9899411444230617
simulation	single	Akkermansia_muciniphila__diff_k2_rep1_d5	Akkermansia_muciniphila	5	completed	2	2	2	0	0	1.0	1.0	1.0	0.9954723144590251	0.9935968857017927
simulation	single	Akkermansia_muciniphila__diff_k2_rep1_d10	Akkermansia_muciniphila	10	completed	2	2	2	0	0	1.0	1.0	1.0	0.9844773710522813	0.978047687618451
simulation	single	Akkermansia_muciniphila__diff_k3_rep1_d0.5	Akkermansia_muciniphila	0.5	completed	3	3	3	0	0	1.0	1.0	1.0	0.9866792751690987	0.9811692134946598
simulation	single	Akkermansia_muciniphila__diff_k3_rep1_d1	Akkermansia_muciniphila	1	completed	3	3	3	0	0	1.0	1.0	1.0	0.9836007211832295	0.979826978650411
simulation	single	Akkermansia_muciniphila__diff_k3_rep1_d3	Akkermansia_muciniphila	3	completed	3	3	3	0	0	1.0	1.0	1.0	0.9659103403621082	0.9570829673853429
simulation	single	Akkermansia_muciniphila__diff_k3_rep1_d5	Akkermansia_muciniphila	5	completed	3	3	3	0	0	1.0	1.0	1.0	0.9683740905046861	0.9594171278141029
simulation	single	Akkermansia_muciniphila__diff_k3_rep1_d10	Akkermansia_muciniphila	10	completed	3	3	3	0	0	1.0	1.0	1.0	0.9826152993888037	0.9755222876169408
simulation	single	Akkermansia_muciniphila__diff_k5_rep1_d0.5	Akkermansia_muciniphila	0.5	completed	5	5	5	0	0	1.0	1.0	1.0	0.9206072629617981	0.9144188576839397
simulation	single	Akkermansia_muciniphila__diff_k5_rep1_d1	Akkermansia_muciniphila	1	completed	5	5	5	0	0	1.0	1.0	1.0	0.9169263612435258	0.9107399803116139
simulation	single	Akkermansia_muciniphila__diff_k5_rep1_d3	Akkermansia_muciniphila	3	completed	5	5	5	0	0	1.0	1.0	1.0	0.9271360042748017	0.9180372599113995
simulation	single	Akkermansia_muciniphila__diff_k5_rep1_d5	Akkermansia_muciniphila	5	completed	5	5	5	0	0	1.0	1.0	1.0	0.9303898628372878	0.9190088434072592
simulation	single	Akkermansia_muciniphila__diff_k5_rep1_d10	Akkermansia_muciniphila	10	completed	5	5	5	0	0	1.0	1.0	1.0	0.9288052452646915	0.9183996060867743
simulation	single	Clostridioides_difficile__diff_k2_rep1_d0.5	Clostridioides_difficile	0.5	completed	2	2	2	0	0	1.0	1.0	1.0	0.9988600040166692	0.9983878022193227
simulation	single	Clostridioides_difficile__diff_k2_rep1_d1	Clostridioides_difficile	1	completed	2	2	2	0	0	1.0	1.0	1.0	0.9158500772389888	0.8809940379587295
simulation	single	Clostridioides_difficile__diff_k2_rep1_d3	Clostridioides_difficile	3	completed	2	2	2	0	0	1.0	1.0	1.0	0.9353748303453864	0.9086062086037833
simulation	single	Clostridioides_difficile__diff_k2_rep1_d5	Clostridioides_difficile	5	completed	2	2	2	0	0	1.0	1.0	1.0	0.9566262145748988	0.9386602044003614
simulation	single	Clostridioides_difficile__diff_k2_rep1_d10	Clostridioides_difficile	10	completed	2	2	2	0	0	1.0	1.0	1.0	0.9194978960191871	0.8861528327507653
simulation	single	Clostridioides_difficile__diff_k3_rep1_d0.5	Clostridioides_difficile	0.5	completed	3	4	3	1	0	0.75	1.0	0.8571428571428571	0.8085317822662138	0.7788963411490376
simulation	single	Clostridioides_difficile__diff_k3_rep1_d1	Clostridioides_difficile	1	completed	3	4	3	1	0	0.75	1.0	0.8571428571428571	0.7959736722371835	0.7484324142821501
simulation	single	Clostridioides_difficile__diff_k3_rep1_d3	Clostridioides_difficile	3	completed	3	3	3	0	0	1.0	1.0	1.0	0.7519076652897673	0.6572422586423805
simulation	single	Clostridioides_difficile__diff_k3_rep1_d5	Clostridioides_difficile	5	completed	3	3	3	0	0	1.0	1.0	1.0	0.760390677107779	0.6633366363933249
simulation	single	Clostridioides_difficile__diff_k3_rep1_d10	Clostridioides_difficile	10	completed	3	3	3	0	0	1.0	1.0	1.0	0.70550375902661	0.5854770205324714
simulation	single	Clostridioides_difficile__diff_k5_rep1_d0.5	Clostridioides_difficile	0.5	completed	5	4	4	0	1	1.0	0.8	0.888888888888889	0.8583373394941028	0.8469781897059427
simulation	single	Clostridioides_difficile__diff_k5_rep1_d1	Clostridioides_difficile	1	completed	5	5	5	0	0	1.0	1.0	1.0	0.9269212548095602	0.9166589299910275
simulation	single	Clostridioides_difficile__diff_k5_rep1_d3	Clostridioides_difficile	3	completed	5	5	5	0	0	1.0	1.0	1.0	0.8765060316426361	0.8707650192356148
simulation	single	Clostridioides_difficile__diff_k5_rep1_d5	Clostridioides_difficile	5	completed	5	5	5	0	0	1.0	1.0	1.0	0.9363804411893804	0.9297548473988516
simulation	single	Clostridioides_difficile__diff_k5_rep1_d10	Clostridioides_difficile	10	completed	5	5	5	0	0	1.0	1.0	1.0	0.8780364029192679	0.8739161228833787
simulation	single	Cutibacterium_acnes__diff_k2_rep1_d0.5	Cutibacterium_acnes	0.5	completed	2	2	2	0	0	1.0	1.0	1.0	0.96606319552378	0.9520061108461255
simulation	single	Cutibacterium_acnes__diff_k2_rep1_d1	Cutibacterium_acnes	1	completed	2	2	2	0	0	1.0	1.0	1.0	0.9539867006281221	0.9349273679787568
simulation	single	Cutibacterium_acnes__diff_k2_rep1_d3	Cutibacterium_acnes	3	completed	2	2	2	0	0	1.0	1.0	1.0	0.9581059402045633	0.9407528524544241
simulation	single	Cutibacterium_acnes__diff_k2_rep1_d5	Cutibacterium_acnes	5	completed	2	2	2	0	0	1.0	1.0	1.0	0.9724468230502152	0.9610339234711487
simulation	single	Cutibacterium_acnes__diff_k2_rep1_d10	Cutibacterium_acnes	10	completed	2	2	2	0	0	1.0	1.0	1.0	0.9807980378716477	0.9728443247339096
simulation	single	Cutibacterium_acnes__diff_k3_rep1_d0.5	Cutibacterium_acnes	0.5	completed	2	2	2	0	0	1.0	1.0	1.0	0.8747227179220265	0.8228311686280899
simulation	single	Cutibacterium_acnes__diff_k3_rep1_d1	Cutibacterium_acnes	1	completed	2	2	2	0	0	1.0	1.0	1.0	0.9004662340560039	0.8592379982879313
simulation	single	Cutibacterium_acnes__diff_k3_rep1_d3	Cutibacterium_acnes	3	completed	2	2	2	0	0	1.0	1.0	1.0	0.9197740403172587	0.8865433597622702
simulation	single	Cutibacterium_acnes__diff_k3_rep1_d5	Cutibacterium_acnes	5	completed	2	2	2	0	0	1.0	1.0	1.0	0.9150836055761989	0.8799100833380374
simulation	single	Cutibacterium_acnes__diff_k3_rep1_d10	Cutibacterium_acnes	10	completed	2	2	2	0	0	1.0	1.0	1.0	0.9068088011571939	0.8682077427026956
simulation	single	Cutibacterium_acnes__diff_k5_rep1_d0.5	Cutibacterium_acnes	0.5	completed	4	4	4	0	0	1.0	1.0	1.0	0.8961393627493738	0.8777104942059422
simulation	single	Cutibacterium_acnes__diff_k5_rep1_d1	Cutibacterium_acnes	1	completed	4	4	4	0	0	1.0	1.0	1.0	0.8795549533198245	0.858558689187715
simulation	single	Cutibacterium_acnes__diff_k5_rep1_d3	Cutibacterium_acnes	3	completed	4	4	4	0	0	1.0	1.0	1.0	0.8992546583850932	0.8801240679030976
simulation	single	Cutibacterium_acnes__diff_k5_rep1_d5	Cutibacterium_acnes	5	completed	4	4	4	0	0	1.0	1.0	1.0	0.9088539259186019	0.8947858477390389
simulation	single	Cutibacterium_acnes__diff_k5_rep1_d10	Cutibacterium_acnes	10	completed	4	4	4	0	0	1.0	1.0	1.0	0.9095784227644288	0.8925103119067083
simulation	single	Escherichia_coli__diff_k2_rep1_d0.5	Escherichia_coli	0.5	completed	2	2	2	0	0	1.0	1.0	1.0	0.9946273694974559	0.9924019530776828
simulation	single	Escherichia_coli__diff_k2_rep1_d1	Escherichia_coli	1	completed	2	2	2	0	0	1.0	1.0	1.0	0.9985996995008034	0.9980196760426383
simulation	single	Escherichia_coli__diff_k2_rep1_d3	Escherichia_coli	3	completed	2	2	2	0	0	1.0	1.0	1.0	0.9927740689959113	0.9897809903732454
simulation	single	Escherichia_coli__diff_k2_rep1_d5	Escherichia_coli	5	completed	2	2	2	0	0	1.0	1.0	1.0	0.9888789200504352	0.98427241790709
simulation	single	Escherichia_coli__diff_k2_rep1_d10	Escherichia_coli	10	completed	2	2	2	0	0	1.0	1.0	1.0	0.9842837058116429	0.97777380360858
simulation	single	Escherichia_coli__diff_k3_rep1_d0.5	Escherichia_coli	0.5	completed	3	3	3	0	0	1.0	1.0	1.0	0.6917089704698818	0.6018100672630555
simulation	single	Escherichia_coli__diff_k3_rep1_d1	Escherichia_coli	1	completed	3	3	3	0	0	1.0	1.0	1.0	0.7156446057325624	0.6460926236206596
simulation	single	Escherichia_coli__diff_k3_rep1_d3	Escherichia_coli	3	completed	3	3	3	0	0	1.0	1.0	1.0	0.7261381703003488	0.66394048789256
simulation	single	Escherichia_coli__diff_k3_rep1_d5	Escherichia_coli	5	completed	3	3	3	0	0	1.0	1.0	1.0	0.7358786224068437	0.6762353415685373
simulation	single	Escherichia_coli__diff_k3_rep1_d10	Escherichia_coli	10	completed	3	3	3	0	0	1.0	1.0	1.0	0.7409262368963687	0.682671927009123
simulation	single	Escherichia_coli__diff_k5_rep1_d0.5	Escherichia_coli	0.5	completed	4	4	4	0	0	1.0	1.0	1.0	0.7728850621839551	0.731466056288511
simulation	single	Escherichia_coli__diff_k5_rep1_d1	Escherichia_coli	1	completed	4	4	4	0	0	1.0	1.0	1.0	0.7816267012313675	0.7394151025750584
simulation	single	Escherichia_coli__diff_k5_rep1_d3	Escherichia_coli	3	completed	4	4	4	0	0	1.0	1.0	1.0	0.8115798698047071	0.7702359790511561
simulation	single	Escherichia_coli__diff_k5_rep1_d5	Escherichia_coli	5	completed	4	4	4	0	0	1.0	1.0	1.0	0.7929577111306312	0.7524065667917937
simulation	single	Escherichia_coli__diff_k5_rep1_d10	Escherichia_coli	10	completed	4	4	4	0	0	1.0	1.0	1.0	0.7968301867844948	0.7596867532666735
simulation	single	Fusobacterium_nucleatum__diff_k2_rep1_d0.5	Fusobacterium_nucleatum	0.5	completed	2	2	2	0	0	1.0	1.0	1.0	0.8654332408978987	0.8096938642332152
simulation	single	Fusobacterium_nucleatum__diff_k2_rep1_d1	Fusobacterium_nucleatum	1	completed	2	2	2	0	0	1.0	1.0	1.0	0.9108275362318841	0.8738910923489069
simulation	single	Fusobacterium_nucleatum__diff_k2_rep1_d3	Fusobacterium_nucleatum	3	completed	2	2	2	0	0	1.0	1.0	1.0	0.9602753790175864	0.9438209022465399
simulation	single	Fusobacterium_nucleatum__diff_k2_rep1_d5	Fusobacterium_nucleatum	5	completed	2	2	2	0	0	1.0	1.0	1.0	0.9670588840690653	0.9534142270907676
simulation	single	Fusobacterium_nucleatum__diff_k2_rep1_d10	Fusobacterium_nucleatum	10	completed	2	2	2	0	0	1.0	1.0	1.0	0.9764867439772921	0.9667472344371355
simulation	single	Fusobacterium_nucleatum__diff_k3_rep1_d0.5	Fusobacterium_nucleatum	0.5	completed	3	3	3	0	0	1.0	1.0	1.0	0.8848597641210585	0.8384081554318088
simulation	single	Fusobacterium_nucleatum__diff_k3_rep1_d1	Fusobacterium_nucleatum	1	completed	3	3	3	0	0	1.0	1.0	1.0	0.8536170225688118	0.8150704931157425
simulation	single	Fusobacterium_nucleatum__diff_k3_rep1_d3	Fusobacterium_nucleatum	3	completed	3	3	3	0	0	1.0	1.0	1.0	0.8892970683880989	0.8567197297781517
simulation	single	Fusobacterium_nucleatum__diff_k3_rep1_d5	Fusobacterium_nucleatum	5	completed	3	3	3	0	0	1.0	1.0	1.0	0.8940969267426876	0.8647160741588713
simulation	single	Fusobacterium_nucleatum__diff_k3_rep1_d10	Fusobacterium_nucleatum	10	completed	3	3	3	0	0	1.0	1.0	1.0	0.8680406623936832	0.828460227200535
simulation	single	Fusobacterium_nucleatum__diff_k5_rep1_d0.5	Fusobacterium_nucleatum	0.5	completed	5	5	5	0	0	1.0	1.0	1.0	0.8343775256828473	0.8192508161227219
simulation	single	Fusobacterium_nucleatum__diff_k5_rep1_d1	Fusobacterium_nucleatum	1	completed	5	5	5	0	0	1.0	1.0	1.0	0.860889229683183	0.8321719607800837
simulation	single	Fusobacterium_nucleatum__diff_k5_rep1_d3	Fusobacterium_nucleatum	3	completed	5	5	5	0	0	1.0	1.0	1.0	0.8648148012635225	0.8501773263410116
simulation	single	Fusobacterium_nucleatum__diff_k5_rep1_d5	Fusobacterium_nucleatum	5	completed	5	5	5	0	0	1.0	1.0	1.0	0.9097386870618228	0.8961668736277923
simulation	single	Fusobacterium_nucleatum__diff_k5_rep1_d10	Fusobacterium_nucleatum	10	completed	5	5	5	0	0	1.0	1.0	1.0	0.9052245339629138	0.8988316486359381
simulation	single	Klebsiella_pneumoniae__diff_k2_rep1_d0.5	Klebsiella_pneumoniae	0.5	completed	2	2	2	0	0	1.0	1.0	1.0	0.797783981860195	0.714023364617604
simulation	single	Klebsiella_pneumoniae__diff_k2_rep1_d1	Klebsiella_pneumoniae	1	completed	2	2	2	0	0	1.0	1.0	1.0	0.7637044271285703	0.6658275961165041
simulation	single	Klebsiella_pneumoniae__diff_k2_rep1_d3	Klebsiella_pneumoniae	3	completed	2	2	1	1	1	0.5	0.5	0.5	0.09089999999999998	-0.12018138469937911
simulation	single	Klebsiella_pneumoniae__diff_k2_rep1_d5	Klebsiella_pneumoniae	5	completed	2	2	2	0	0	1.0	1.0	1.0	0.6331653063754354	0.4812174011271616
simulation	single	Klebsiella_pneumoniae__diff_k2_rep1_d10	Klebsiella_pneumoniae	10	completed	2	2	2	0	0	1.0	1.0	1.0	0.6534534870452826	0.5099092213863351
simulation	single	Klebsiella_pneumoniae__diff_k3_rep1_d0.5	Klebsiella_pneumoniae	0.5	completed	3	3	3	0	0	1.0	1.0	1.0	0.6415456431535269	0.5291959964078629
simulation	single	Klebsiella_pneumoniae__diff_k3_rep1_d1	Klebsiella_pneumoniae	1	completed	3	3	3	0	0	1.0	1.0	1.0	0.6955512867422857	0.5875339829802451
simulation	single	Klebsiella_pneumoniae__diff_k3_rep1_d3	Klebsiella_pneumoniae	3	completed	3	3	3	0	0	1.0	1.0	1.0	0.8160784631571221	0.7554067892074628
simulation	single	Klebsiella_pneumoniae__diff_k3_rep1_d5	Klebsiella_pneumoniae	5	completed	3	3	3	0	0	1.0	1.0	1.0	0.8235218969168063	0.7601574305929193
simulation	single	Klebsiella_pneumoniae__diff_k3_rep1_d10	Klebsiella_pneumoniae	10	completed	3	3	3	0	0	1.0	1.0	1.0	0.8242598855199912	0.7616151080853854
simulation	single	Klebsiella_pneumoniae__diff_k5_rep1_d0.5	Klebsiella_pneumoniae	0.5	completed	3	4	3	1	0	0.75	1.0	0.8571428571428571	0.6659297589258963	0.6082871386676556
simulation	single	Klebsiella_pneumoniae__diff_k5_rep1_d1	Klebsiella_pneumoniae	1	completed	3	4	3	1	0	0.75	1.0	0.8571428571428571	0.7113581937296163	0.6492134232109947
simulation	single	Klebsiella_pneumoniae__diff_k5_rep1_d3	Klebsiella_pneumoniae	3	completed	3	4	3	1	0	0.75	1.0	0.8571428571428571	0.7353795049020011	0.6618581264988284
simulation	single	Klebsiella_pneumoniae__diff_k5_rep1_d5	Klebsiella_pneumoniae	5	completed	3	4	3	1	0	0.75	1.0	0.8571428571428571	0.741720105207555	0.6668080215903852
simulation	single	Klebsiella_pneumoniae__diff_k5_rep1_d10	Klebsiella_pneumoniae	10	completed	3	4	3	1	0	0.75	1.0	0.8571428571428571	0.7570504861128242	0.7437811330087007
simulation	single	Lactiplantibacillus_plantarum__diff_k2_rep1_d0.5	Lactiplantibacillus_plantarum	0.5	completed	2	2	2	0	0	1.0	1.0	1.0	0.9395642285432828	0.9145309123534298
simulation	single	Lactiplantibacillus_plantarum__diff_k2_rep1_d1	Lactiplantibacillus_plantarum	1	completed	2	2	2	0	0	1.0	1.0	1.0	0.936993196961129	0.9108949246206584
simulation	single	Lactiplantibacillus_plantarum__diff_k2_rep1_d3	Lactiplantibacillus_plantarum	3	completed	2	2	2	0	0	1.0	1.0	1.0	0.9666373143511057	0.9528180374781434
simulation	single	Lactiplantibacillus_plantarum__diff_k2_rep1_d5	Lactiplantibacillus_plantarum	5	completed	2	2	2	0	0	1.0	1.0	1.0	0.9801777090087436	0.9719670472428591
simulation	single	Lactiplantibacillus_plantarum__diff_k2_rep1_d10	Lactiplantibacillus_plantarum	10	completed	2	2	2	0	0	1.0	1.0	1.0	0.9990617592797579	0.998673127248663
simulation	single	Lactiplantibacillus_plantarum__diff_k3_rep1_d0.5	Lactiplantibacillus_plantarum	0.5	completed	3	3	3	0	0	1.0	1.0	1.0	0.9532844426584837	0.935831667332832
simulation	single	Lactiplantibacillus_plantarum__diff_k3_rep1_d1	Lactiplantibacillus_plantarum	1	completed	3	3	3	0	0	1.0	1.0	1.0	0.8864897448418997	0.8600998155209589
simulation	single	Lactiplantibacillus_plantarum__diff_k3_rep1_d3	Lactiplantibacillus_plantarum	3	completed	3	3	3	0	0	1.0	1.0	1.0	0.9376947230065232	0.9231491510798124
simulation	single	Lactiplantibacillus_plantarum__diff_k3_rep1_d5	Lactiplantibacillus_plantarum	5	completed	3	3	3	0	0	1.0	1.0	1.0	0.9488163782725537	0.936836285227607
simulation	single	Lactiplantibacillus_plantarum__diff_k3_rep1_d10	Lactiplantibacillus_plantarum	10	completed	3	3	3	0	0	1.0	1.0	1.0	0.9572598890672895	0.94757228603596
simulation	single	Lactiplantibacillus_plantarum__diff_k5_rep1_d0.5	Lactiplantibacillus_plantarum	0.5	completed	5	5	5	0	0	1.0	1.0	1.0	0.8373274667574203	0.810719558061749
simulation	single	Lactiplantibacillus_plantarum__diff_k5_rep1_d1	Lactiplantibacillus_plantarum	1	completed	5	5	5	0	0	1.0	1.0	1.0	0.8438733705772812	0.8166847441391578
simulation	single	Lactiplantibacillus_plantarum__diff_k5_rep1_d3	Lactiplantibacillus_plantarum	3	completed	5	5	5	0	0	1.0	1.0	1.0	0.8580954118176402	0.8340215284032867
simulation	single	Lactiplantibacillus_plantarum__diff_k5_rep1_d5	Lactiplantibacillus_plantarum	5	completed	5	5	5	0	0	1.0	1.0	1.0	0.8619481988831981	0.8367088479233431
simulation	single	Lactiplantibacillus_plantarum__diff_k5_rep1_d10	Lactiplantibacillus_plantarum	10	completed	5	5	5	0	0	1.0	1.0	1.0	0.8666433030336218	0.8404019607377412
simulation	single	Mycobacterium_tuberculosis__same_k2_rep1_d0.5	Mycobacterium_tuberculosis	0.5	completed	1	1	1	0	0	1.0	1.0	1.0	1.0	1.0
simulation	single	Mycobacterium_tuberculosis__same_k2_rep1_d1	Mycobacterium_tuberculosis	1	completed	1	1	1	0	0	1.0	1.0	1.0	1.0	1.0
simulation	single	Mycobacterium_tuberculosis__same_k2_rep1_d3	Mycobacterium_tuberculosis	3	completed	1	1	1	0	0	1.0	1.0	1.0	1.0	1.0
simulation	single	Mycobacterium_tuberculosis__same_k2_rep1_d5	Mycobacterium_tuberculosis	5	completed	1	1	1	0	0	1.0	1.0	1.0	1.0	1.0
simulation	single	Mycobacterium_tuberculosis__same_k2_rep1_d10	Mycobacterium_tuberculosis	10	completed	1	1	1	0	0	1.0	1.0	1.0	1.0	1.0
simulation	single	Mycobacterium_tuberculosis__same_k3_rep1_d0.5	Mycobacterium_tuberculosis	0.5	completed	1	1	1	0	0	1.0	1.0	1.0	1.0	1.0
simulation	single	Mycobacterium_tuberculosis__same_k3_rep1_d1	Mycobacterium_tuberculosis	1	completed	1	1	1	0	0	1.0	1.0	1.0	1.0	1.0
simulation	single	Mycobacterium_tuberculosis__same_k3_rep1_d3	Mycobacterium_tuberculosis	3	completed	1	1	1	0	0	1.0	1.0	1.0	1.0	1.0
simulation	single	Mycobacterium_tuberculosis__same_k3_rep1_d5	Mycobacterium_tuberculosis	5	completed	1	1	1	0	0	1.0	1.0	1.0	1.0	1.0
simulation	single	Mycobacterium_tuberculosis__same_k3_rep1_d10	Mycobacterium_tuberculosis	10	completed	1	1	1	0	0	1.0	1.0	1.0	1.0	1.0
simulation	single	Mycobacterium_tuberculosis__same_k5_rep1_d0.5	Mycobacterium_tuberculosis	0.5	completed	1	1	1	0	0	1.0	1.0	1.0	1.0	1.0
simulation	single	Mycobacterium_tuberculosis__same_k5_rep1_d1	Mycobacterium_tuberculosis	1	completed	1	1	1	0	0	1.0	1.0	1.0	1.0	1.0
simulation	single	Mycobacterium_tuberculosis__same_k5_rep1_d3	Mycobacterium_tuberculosis	3	completed	1	1	1	0	0	1.0	1.0	1.0	1.0	1.0
simulation	single	Mycobacterium_tuberculosis__same_k5_rep1_d5	Mycobacterium_tuberculosis	5	completed	1	1	1	0	0	1.0	1.0	1.0	1.0	1.0
simulation	single	Mycobacterium_tuberculosis__same_k5_rep1_d10	Mycobacterium_tuberculosis	10	completed	1	1	1	0	0	1.0	1.0	1.0	1.0	1.0
simulation	single	Phocaeicola_dorei__diff_k2_rep1_d0.5	Phocaeicola_dorei	0.5	completed	2	2	2	0	0	1.0	1.0	1.0	0.9440068603198707	0.92081374246451
simulation	single	Phocaeicola_dorei__diff_k2_rep1_d1	Phocaeicola_dorei	1	completed	2	2	2	0	0	1.0	1.0	1.0	0.9456192412056617	0.9230939933809067
simulation	single	Phocaeicola_dorei__diff_k2_rep1_d3	Phocaeicola_dorei	3	completed	2	2	2	0	0	1.0	1.0	1.0	0.9514556301167628	0.93134789373427
simulation	single	Phocaeicola_dorei__diff_k2_rep1_d5	Phocaeicola_dorei	5	completed	2	2	2	0	0	1.0	1.0	1.0	0.9745900674507512	0.9640649287698668
simulation	single	Phocaeicola_dorei__diff_k2_rep1_d10	Phocaeicola_dorei	10	completed	2	2	2	0	0	1.0	1.0	1.0	0.9866833306936	0.9811673856612517
simulation	single	Phocaeicola_dorei__diff_k3_rep1_d0.5	Phocaeicola_dorei	0.5	completed	3	2	2	0	1	1.0	0.6666666666666666	0.8	0.889780354059772	0.8646050777914844
simulation	single	Phocaeicola_dorei__diff_k3_rep1_d1	Phocaeicola_dorei	1	completed	3	3	3	0	0	1.0	1.0	1.0	0.9538764611533694	0.9430059565721113
simulation	single	Phocaeicola_dorei__diff_k3_rep1_d3	Phocaeicola_dorei	3	completed	3	3	3	0	0	1.0	1.0	1.0	0.9454767416293075	0.9271742361519877
simulation	single	Phocaeicola_dorei__diff_k3_rep1_d5	Phocaeicola_dorei	5	completed	3	3	3	0	0	1.0	1.0	1.0	0.9447538860103627	0.930270668600256
simulation	single	Phocaeicola_dorei__diff_k3_rep1_d10	Phocaeicola_dorei	10	completed	3	3	3	0	0	1.0	1.0	1.0	0.9469993049289076	0.9303385921911614
simulation	single	Phocaeicola_dorei__diff_k5_rep1_d0.5	Phocaeicola_dorei	0.5	completed	5	5	5	0	0	1.0	1.0	1.0	0.7861835713324278	0.7686566668117204
simulation	single	Phocaeicola_dorei__diff_k5_rep1_d1	Phocaeicola_dorei	1	completed	5	5	5	0	0	1.0	1.0	1.0	0.7961289533247691	0.7911789611603688
simulation	single	Phocaeicola_dorei__diff_k5_rep1_d3	Phocaeicola_dorei	3	completed	5	5	5	0	0	1.0	1.0	1.0	0.8046957312651336	0.7965465900924313
simulation	single	Phocaeicola_dorei__diff_k5_rep1_d5	Phocaeicola_dorei	5	completed	5	5	5	0	0	1.0	1.0	1.0	0.8030735957334382	0.7929037128826151
simulation	single	Phocaeicola_dorei__diff_k5_rep1_d10	Phocaeicola_dorei	10	completed	5	5	5	0	0	1.0	1.0	1.0	0.7956285037843938	0.785402977473733
simulation	single	Porphyromonas_gingivalis__diff_k2_rep1_d0.5	Porphyromonas_gingivalis	0.5	completed	2	2	2	0	0	1.0	1.0	1.0	0.9402931311601549	0.9155617363198595
simulation	single	Porphyromonas_gingivalis__diff_k2_rep1_d1	Porphyromonas_gingivalis	1	completed	2	2	2	0	0	1.0	1.0	1.0	0.9848066073228908	0.9785132980175721
simulation	single	Porphyromonas_gingivalis__diff_k2_rep1_d3	Porphyromonas_gingivalis	3	completed	2	2	2	0	0	1.0	1.0	1.0	0.9649291201518444	0.950402286074381
simulation	single	Porphyromonas_gingivalis__diff_k2_rep1_d5	Porphyromonas_gingivalis	5	completed	2	2	2	0	0	1.0	1.0	1.0	0.9786911255816274	0.9698647007986324
simulation	single	Porphyromonas_gingivalis__diff_k2_rep1_d10	Porphyromonas_gingivalis	10	completed	2	2	2	0	0	1.0	1.0	1.0	0.9632999650205504	0.9480983127924953
simulation	single	Porphyromonas_gingivalis__diff_k3_rep1_d0.5	Porphyromonas_gingivalis	0.5	completed	3	3	3	0	0	1.0	1.0	1.0	0.8118954493826256	0.7437927780695601
simulation	single	Porphyromonas_gingivalis__diff_k3_rep1_d1	Porphyromonas_gingivalis	1	completed	3	3	3	0	0	1.0	1.0	1.0	0.859405743030033	0.8044654165235148
simulation	single	Porphyromonas_gingivalis__diff_k3_rep1_d3	Porphyromonas_gingivalis	3	completed	3	3	3	0	0	1.0	1.0	1.0	0.8222163898172421	0.7642043489764915
simulation	single	Porphyromonas_gingivalis__diff_k3_rep1_d5	Porphyromonas_gingivalis	5	completed	3	3	3	0	0	1.0	1.0	1.0	0.8218852097541585	0.763404612443235
simulation	single	Porphyromonas_gingivalis__diff_k3_rep1_d10	Porphyromonas_gingivalis	10	completed	3	3	3	0	0	1.0	1.0	1.0	0.9891742336484686	0.9867411453417461
simulation	single	Porphyromonas_gingivalis__diff_k5_rep1_d0.5	Porphyromonas_gingivalis	0.5	completed	5	5	5	0	0	1.0	1.0	1.0	0.8388313675171495	0.8323570774085864
simulation	single	Porphyromonas_gingivalis__diff_k5_rep1_d1	Porphyromonas_gingivalis	1	completed	5	5	5	0	0	1.0	1.0	1.0	0.8641910403554239	0.8605720661100844
simulation	single	Porphyromonas_gingivalis__diff_k5_rep1_d3	Porphyromonas_gingivalis	3	completed	5	5	5	0	0	1.0	1.0	1.0	0.926163963718033	0.9210586146099343
simulation	single	Porphyromonas_gingivalis__diff_k5_rep1_d5	Porphyromonas_gingivalis	5	completed	5	5	5	0	0	1.0	1.0	1.0	0.9372720179338874	0.9259458717999892
simulation	single	Porphyromonas_gingivalis__diff_k5_rep1_d10	Porphyromonas_gingivalis	10	completed	5	5	5	0	0	1.0	1.0	1.0	0.9355608686495794	0.9240104956741112
simulation	single	Prevotella_copri__diff_k2_rep1_d0.5	Prevotella_copri	0.5	completed	2	2	2	0	0	1.0	1.0	1.0	0.9702728708011283	0.9579594907165384
simulation	single	Prevotella_copri__diff_k2_rep1_d1	Prevotella_copri	1	completed	2	2	2	0	0	1.0	1.0	1.0	0.980039741169794	0.9717719312538454
simulation	single	Prevotella_copri__diff_k2_rep1_d3	Prevotella_copri	3	completed	2	2	2	0	0	1.0	1.0	1.0	0.9266036300348086	0.896201858166273
simulation	single	Prevotella_copri__diff_k2_rep1_d5	Prevotella_copri	5	completed	2	2	2	0	0	1.0	1.0	1.0	0.9379423870468777	0.9122372821131941
simulation	single	Prevotella_copri__diff_k2_rep1_d10	Prevotella_copri	10	completed	2	2	2	0	0	1.0	1.0	1.0	0.9401871180542516	0.9154118111477018
simulation	single	Prevotella_copri__diff_k3_rep1_d0.5	Prevotella_copri	0.5	completed	3	3	3	0	0	1.0	1.0	1.0	0.9564348146715346	0.9455438582620072
simulation	single	Prevotella_copri__diff_k3_rep1_d1	Prevotella_copri	1	completed	3	3	3	0	0	1.0	1.0	1.0	0.9295362620761912	0.9029001136880566
simulation	single	Prevotella_copri__diff_k3_rep1_d3	Prevotella_copri	3	completed	3	3	3	0	0	1.0	1.0	1.0	0.8569764937542305	0.8094181079552281
simulation	single	Prevotella_copri__diff_k3_rep1_d5	Prevotella_copri	5	completed	3	3	3	0	0	1.0	1.0	1.0	0.865275387263339	0.8192494466360016
simulation	single	Prevotella_copri__diff_k3_rep1_d10	Prevotella_copri	10	completed	3	3	3	0	0	1.0	1.0	1.0	0.8659585868788647	0.8166365124354261
simulation	single	Prevotella_copri__diff_k5_rep1_d0.5	Prevotella_copri	0.5	completed	5	5	5	0	0	1.0	1.0	1.0	0.8151892873243899	0.7968703045351923
simulation	single	Prevotella_copri__diff_k5_rep1_d1	Prevotella_copri	1	completed	5	5	5	0	0	1.0	1.0	1.0	0.8461675644643141	0.8268482964007913
simulation	single	Prevotella_copri__diff_k5_rep1_d3	Prevotella_copri	3	completed	5	5	5	0	0	1.0	1.0	1.0	0.8942359206464388	0.8778295412554455
simulation	single	Prevotella_copri__diff_k5_rep1_d5	Prevotella_copri	5	completed	5	5	5	0	0	1.0	1.0	1.0	0.9329756121618623	0.933086654638108
simulation	single	Prevotella_copri__diff_k5_rep1_d10	Prevotella_copri	10	completed	5	5	5	0	0	1.0	1.0	1.0	0.9495001358997801	0.9470631032304871
simulation	single	Salmonella_enterica__diff_k2_rep1_d0.5	Salmonella_enterica	0.5	completed	2	2	2	0	0	1.0	1.0	1.0	0.8059462622998972	0.7255665723153233
simulation	single	Salmonella_enterica__diff_k2_rep1_d1	Salmonella_enterica	1	completed	2	2	2	0	0	1.0	1.0	1.0	0.8161491532444748	0.7399956390645587
simulation	single	Salmonella_enterica__diff_k2_rep1_d3	Salmonella_enterica	3	completed	2	2	2	0	0	1.0	1.0	1.0	0.8754114168547233	0.8238051359991017
simulation	single	Salmonella_enterica__diff_k2_rep1_d5	Salmonella_enterica	5	completed	2	2	2	0	0	1.0	1.0	1.0	0.8869072287110821	0.8400626690368537
simulation	single	Salmonella_enterica__diff_k2_rep1_d10	Salmonella_enterica	10	completed	2	2	2	0	0	1.0	1.0	1.0	0.8669336301894128	0.8118157351181138
simulation	single	Salmonella_enterica__diff_k3_rep1_d0.5	Salmonella_enterica	0.5	completed	3	3	3	0	0	1.0	1.0	1.0	0.8399371588711848	0.7818292214746738
simulation	single	Salmonella_enterica__diff_k3_rep1_d1	Salmonella_enterica	1	completed	3	3	3	0	0	1.0	1.0	1.0	0.7991469570764381	0.7300046815707251
simulation	single	Salmonella_enterica__diff_k3_rep1_d3	Salmonella_enterica	3	completed	3	3	3	0	0	1.0	1.0	1.0	0.7998417721518987	0.7238503608446702
simulation	single	Salmonella_enterica__diff_k3_rep1_d5	Salmonella_enterica	5	completed	3	3	3	0	0	1.0	1.0	1.0	0.8010943735527418	0.735245915767205
simulation	single	Salmonella_enterica__diff_k3_rep1_d10	Salmonella_enterica	10	completed	3	3	3	0	0	1.0	1.0	1.0	0.8018889882236883	0.7292863148546025
simulation	single	Salmonella_enterica__diff_k5_rep1_d0.5	Salmonella_enterica	0.5	completed	5	5	5	0	0	1.0	1.0	1.0	0.9413147630941102	0.9298629973545064
simulation	single	Salmonella_enterica__diff_k5_rep1_d1	Salmonella_enterica	1	completed	5	5	5	0	0	1.0	1.0	1.0	0.9145279155256211	0.897056440582877
simulation	single	Salmonella_enterica__diff_k5_rep1_d3	Salmonella_enterica	3	completed	5	5	5	0	0	1.0	1.0	1.0	0.9275932136271949	0.9144295411890859
simulation	single	Salmonella_enterica__diff_k5_rep1_d5	Salmonella_enterica	5	completed	5	5	5	0	0	1.0	1.0	1.0	0.9338172635331691	0.921093570369282
simulation	single	Salmonella_enterica__diff_k5_rep1_d10	Salmonella_enterica	10	completed	5	5	5	0	0	1.0	1.0	1.0	0.9344907659553399	0.925855320624404
simulation	single	Staphylococcus_aureus__diff_k2_rep1_d0.5	Staphylococcus_aureus	0.5	completed	2	2	2	0	0	1.0	1.0	1.0	0.9317489687943957	0.9034784660230851
simulation	single	Staphylococcus_aureus__diff_k2_rep1_d1	Staphylococcus_aureus	1	completed	2	2	2	0	0	1.0	1.0	1.0	0.901812822016197	0.8611423612441648
simulation	single	Staphylococcus_aureus__diff_k2_rep1_d3	Staphylococcus_aureus	3	completed	2	2	2	0	0	1.0	1.0	1.0	0.9494667346614714	0.9285351708072546
simulation	single	Staphylococcus_aureus__diff_k2_rep1_d5	Staphylococcus_aureus	5	completed	2	2	2	0	0	1.0	1.0	1.0	0.9465088394284389	0.9243520752526213
simulation	single	Staphylococcus_aureus__diff_k2_rep1_d10	Staphylococcus_aureus	10	completed	2	2	2	0	0	1.0	1.0	1.0	0.9600921842391106	0.9435618257062633
simulation	single	Staphylococcus_aureus__diff_k3_rep1_d0.5	Staphylococcus_aureus	0.5	completed	3	3	3	0	0	1.0	1.0	1.0	0.8693098633136895	0.8343111812004727
simulation	single	Staphylococcus_aureus__diff_k3_rep1_d1	Staphylococcus_aureus	1	completed	3	3	3	0	0	1.0	1.0	1.0	0.906194450233539	0.8847959556811231
simulation	single	Staphylococcus_aureus__diff_k3_rep1_d3	Staphylococcus_aureus	3	completed	3	3	3	0	0	1.0	1.0	1.0	0.9238651148233157	0.9033252676861092
simulation	single	Staphylococcus_aureus__diff_k3_rep1_d5	Staphylococcus_aureus	5	completed	3	3	3	0	0	1.0	1.0	1.0	0.9338210019764543	0.9070194843251036
simulation	single	Staphylococcus_aureus__diff_k3_rep1_d10	Staphylococcus_aureus	10	completed	3	3	3	0	0	1.0	1.0	1.0	0.938621873467386	0.9207973365666475
simulation	single	Staphylococcus_aureus__diff_k5_rep1_d0.5	Staphylococcus_aureus	0.5	completed	3	4	3	1	0	0.75	1.0	0.8571428571428571	0.6937058589475779	0.6847224886627516
simulation	single	Staphylococcus_aureus__diff_k5_rep1_d1	Staphylococcus_aureus	1	completed	3	4	3	1	0	0.75	1.0	0.8571428571428571	0.702238202470856	0.6921465299285507
simulation	single	Staphylococcus_aureus__diff_k5_rep1_d3	Staphylococcus_aureus	3	completed	3	4	3	1	0	0.75	1.0	0.8571428571428571	0.704586881444263	0.6896618437262839
simulation	single	Staphylococcus_aureus__diff_k5_rep1_d5	Staphylococcus_aureus	5	completed	3	4	3	1	0	0.75	1.0	0.8571428571428571	0.7016301642608263	0.6871398938835034
simulation	single	Staphylococcus_aureus__diff_k5_rep1_d10	Staphylococcus_aureus	10	completed	3	4	3	1	0	0.75	1.0	0.8571428571428571	0.7011241836582083	0.6870415720439411
simulation	single	Staphylococcus_epidermidis__diff_k2_rep1_d0.5	Staphylococcus_epidermidis	0.5	completed	2	2	2	0	0	1.0	1.0	1.0	0.6528282150740689	0.509024953284473
simulation	single	Staphylococcus_epidermidis__diff_k2_rep1_d1	Staphylococcus_epidermidis	1	completed	2	2	2	0	0	1.0	1.0	1.0	0.622910071445917	0.4667143088045145
simulation	single	Staphylococcus_epidermidis__diff_k2_rep1_d3	Staphylococcus_epidermidis	3	completed	2	2	2	0	0	1.0	1.0	1.0	0.6126115769728003	0.45215003824860844
simulation	single	Staphylococcus_epidermidis__diff_k2_rep1_d5	Staphylococcus_epidermidis	5	completed	2	2	2	0	0	1.0	1.0	1.0	0.6502737343053867	0.5054123719365815
simulation	single	Staphylococcus_epidermidis__diff_k2_rep1_d10	Staphylococcus_epidermidis	10	completed	2	2	2	0	0	1.0	1.0	1.0	0.7016866929571768	0.5781212753436701
simulation	single	Staphylococcus_epidermidis__diff_k3_rep1_d0.5	Staphylococcus_epidermidis	0.5	completed	1	3	1	2	0	0.3333333333333333	1.0	0.5	0.37981122048738514	0.19492818397847045
simulation	single	Staphylococcus_epidermidis__diff_k3_rep1_d1	Staphylococcus_epidermidis	1	completed	1	3	1	2	0	0.3333333333333333	1.0	0.5	0.44069431051108965	0.31112050955707715
simulation	single	Staphylococcus_epidermidis__diff_k3_rep1_d3	Staphylococcus_epidermidis	3	completed	1	3	1	2	0	0.3333333333333333	1.0	0.5	0.5086075534902464	0.39158866350316723
simulation	single	Staphylococcus_epidermidis__diff_k3_rep1_d5	Staphylococcus_epidermidis	5	completed	1	3	1	2	0	0.3333333333333333	1.0	0.5	0.5272297458724711	0.4057354047094277
simulation	single	Staphylococcus_epidermidis__diff_k3_rep1_d10	Staphylococcus_epidermidis	10	completed	1	3	1	2	0	0.3333333333333333	1.0	0.5	0.5130055441710772	0.3922100925608212
simulation	single	Staphylococcus_epidermidis__diff_k5_rep1_d0.5	Staphylococcus_epidermidis	0.5	completed	2	3	2	1	0	0.6666666666666666	1.0	0.8	0.7897639263559627	0.7357021802734279
simulation	single	Staphylococcus_epidermidis__diff_k5_rep1_d1	Staphylococcus_epidermidis	1	completed	2	3	2	1	0	0.6666666666666666	1.0	0.8	0.8804041059966532	0.8373477148345527
simulation	single	Staphylococcus_epidermidis__diff_k5_rep1_d3	Staphylococcus_epidermidis	3	completed	2	3	2	1	0	0.6666666666666666	1.0	0.8	0.8648482138421026	0.8118635536648263
simulation	single	Staphylococcus_epidermidis__diff_k5_rep1_d5	Staphylococcus_epidermidis	5	completed	2	3	2	1	0	0.6666666666666666	1.0	0.8	0.844322736438547	0.7893864017006604
simulation	single	Staphylococcus_epidermidis__diff_k5_rep1_d10	Staphylococcus_epidermidis	10	completed	2	3	2	1	0	0.6666666666666666	1.0	0.8	0.8250487826097763	0.7644748272926462
simulation	single	Streptococcus_pneumoniae__diff_k2_rep1_d0.5	Streptococcus_pneumoniae	0.5	completed	2	2	2	0	0	1.0	1.0	1.0	0.9416336000970049	0.9174574456702926
simulation	single	Streptococcus_pneumoniae__diff_k2_rep1_d1	Streptococcus_pneumoniae	1	completed	2	2	2	0	0	1.0	1.0	1.0	0.9785294751058108	0.9696360925033685
simulation	single	Streptococcus_pneumoniae__diff_k2_rep1_d3	Streptococcus_pneumoniae	3	completed	2	2	2	0	0	1.0	1.0	1.0	0.9454659389915926	0.9228771913106284
simulation	single	Streptococcus_pneumoniae__diff_k2_rep1_d5	Streptococcus_pneumoniae	5	completed	2	2	2	0	0	1.0	1.0	1.0	0.9286633750849598	0.8991147775512276
simulation	single	Streptococcus_pneumoniae__diff_k2_rep1_d10	Streptococcus_pneumoniae	10	completed	2	2	2	0	0	1.0	1.0	1.0	0.9419307651215307	0.91787770047824
simulation	single	Streptococcus_pneumoniae__diff_k3_rep1_d0.5	Streptococcus_pneumoniae	0.5	completed	3	3	3	0	0	1.0	1.0	1.0	0.9257602524611946	0.9067083219620202
simulation	single	Streptococcus_pneumoniae__diff_k3_rep1_d1	Streptococcus_pneumoniae	1	completed	3	3	3	0	0	1.0	1.0	1.0	0.8934696090427787	0.866979212632397
simulation	single	Streptococcus_pneumoniae__diff_k3_rep1_d3	Streptococcus_pneumoniae	3	completed	3	3	3	0	0	1.0	1.0	1.0	0.8826056106414598	0.8504355959531619
simulation	single	Streptococcus_pneumoniae__diff_k3_rep1_d5	Streptococcus_pneumoniae	5	completed	3	3	3	0	0	1.0	1.0	1.0	0.9064459020199676	0.8848075830780945
simulation	single	Streptococcus_pneumoniae__diff_k3_rep1_d10	Streptococcus_pneumoniae	10	completed	3	3	3	0	0	1.0	1.0	1.0	0.8885244527105312	0.8508188472401983
simulation	single	Streptococcus_pneumoniae__diff_k5_rep1_d0.5	Streptococcus_pneumoniae	0.5	completed	5	5	5	0	0	1.0	1.0	1.0	0.8913776333124023	0.8703548234413138
simulation	single	Streptococcus_pneumoniae__diff_k5_rep1_d1	Streptococcus_pneumoniae	1	completed	5	5	5	0	0	1.0	1.0	1.0	0.9502937145094967	0.9397197659191356
simulation	single	Streptococcus_pneumoniae__diff_k5_rep1_d3	Streptococcus_pneumoniae	3	completed	5	5	5	0	0	1.0	1.0	1.0	0.938644046960477	0.9281237117940672
simulation	single	Streptococcus_pneumoniae__diff_k5_rep1_d5	Streptococcus_pneumoniae	5	completed	5	5	5	0	0	1.0	1.0	1.0	0.9323405250396919	0.921273684486389
simulation	single	Streptococcus_pneumoniae__diff_k5_rep1_d10	Streptococcus_pneumoniae	10	completed	5	5	5	0	0	1.0	1.0	1.0	0.9292375178668244	0.9172930742878918
simulation	multi	depth_low_sample01	multi	low	completed	17	18	16	2	1	0.8888888888888888	0.9411764705882353	0.9142857142857143	0.8009472180415855	0.8354189495955552
simulation	multi	depth_low_sample02	multi	low	completed	18	19	18	1	0	0.9473684210526315	1.0	0.972972972972973	0.7999694078161821	0.8651762392434356
simulation	multi	depth_low_sample03	multi	low	completed	16	20	16	4	0	0.8	1.0	0.888888888888889	0.823669858327953	0.8902606919665564
simulation	multi	depth_low_sample04	multi	low	completed	20	20	20	0	0	1.0	1.0	1.0	0.8155211383414084	0.8696345126650117
simulation	multi	depth_med_sample01	multi	med	completed	18	18	18	0	0	1.0	1.0	1.0	0.8515909337551528	0.8885543158570222
simulation	multi	depth_med_sample02	multi	med	completed	17	18	16	2	1	0.8888888888888888	0.9411764705882353	0.9142857142857143	0.739797197060087	0.8358281338134821
simulation	multi	depth_med_sample03	multi	med	completed	21	23	21	2	0	0.9130434782608695	1.0	0.9545454545454545	0.845321023138369	0.8984845233072114
simulation	multi	depth_med_sample04	multi	med	completed	18	22	18	4	0	0.8181818181818182	1.0	0.9	0.807970809423135	0.8736828091666988
simulation	multi	depth_high_sample01	multi	high	completed	20	21	20	1	0	0.9523809523809523	1.0	0.975609756097561	0.8594276949776887	0.9086186004204365
simulation	multi	depth_high_sample02	multi	high	completed	19	22	19	3	0	0.8636363636363636	1.0	0.9268292682926829	0.7757774269659633	0.8550465044179407
simulation	multi	depth_high_sample03	multi	high	completed	19	19	19	0	0	1.0	1.0	1.0	0.7933282809746207	0.8718410362488573
simulation	multi	depth_high_sample04	multi	high	completed	18	22	18	4	0	0.8181818181818182	1.0	0.9	0.8211171402279959	0.890044470932248
