benchmark	kind	sample	species	depth	n_databases	kmerize_wall_s	search_wall_s_sum	total_wall_s	maxrss_bytes	status	output_dir	kmerize_cpu_s	search_cpu_s_sum	total_cpu_s
simulation	single	Akkermansia_muciniphila__diff_k2_rep1_d0.5	Akkermansia_muciniphila	0.5	1	6.04	8.39	14.43	1323548672	completed	work/strainge_rerun/runs/simulation/Akkermansia_muciniphila__diff_k2_rep1_d0.5	3.9000000000000004	6.34	10.24
simulation	single	Akkermansia_muciniphila__diff_k2_rep1_d1	Akkermansia_muciniphila	1	1	6.21	7.84	14.05	799637504	completed	work/strainge_rerun/runs/simulation/Akkermansia_muciniphila__diff_k2_rep1_d1	4.4	6.48	10.88
simulation	single	Akkermansia_muciniphila__diff_k2_rep1_d3	Akkermansia_muciniphila	3	1	7.47	9.15	16.62	1280065536	completed	work/strainge_rerun/runs/simulation/Akkermansia_muciniphila__diff_k2_rep1_d3	5.96	6.7299999999999995	12.69
simulation	single	Akkermansia_muciniphila__diff_k2_rep1_d5	Akkermansia_muciniphila	5	1	8.87	9.18	18.049999999999997	1283637248	completed	work/strainge_rerun/runs/simulation/Akkermansia_muciniphila__diff_k2_rep1_d5	7.300000000000001	6.680000000000001	13.98
simulation	single	Akkermansia_muciniphila__diff_k2_rep1_d10	Akkermansia_muciniphila	10	1	14.28	9.05	23.33	1605320704	completed	work/strainge_rerun/runs/simulation/Akkermansia_muciniphila__diff_k2_rep1_d10	11.0	6.95	17.95
simulation	single	Akkermansia_muciniphila__diff_k3_rep1_d0.5	Akkermansia_muciniphila	0.5	1	6.17	9.09	15.26	799440896	completed	work/strainge_rerun/runs/simulation/Akkermansia_muciniphila__diff_k3_rep1_d0.5	4.19	6.8100000000000005	11.0
simulation	single	Akkermansia_muciniphila__diff_k3_rep1_d1	Akkermansia_muciniphila	1	1	8.58	10.99	19.57	872562688	completed	work/strainge_rerun/runs/simulation/Akkermansia_muciniphila__diff_k3_rep1_d1	5.1	6.720000000000001	11.82
simulation	single	Akkermansia_muciniphila__diff_k3_rep1_d3	Akkermansia_muciniphila	3	1	9.64	11.4	21.04	1301659648	completed	work/strainge_rerun/runs/simulation/Akkermansia_muciniphila__diff_k3_rep1_d3	7.83	7.069999999999999	14.899999999999999
simulation	single	Akkermansia_muciniphila__diff_k3_rep1_d5	Akkermansia_muciniphila	5	1	12.35	13.89	26.240000000000002	1632534528	completed	work/strainge_rerun/runs/simulation/Akkermansia_muciniphila__diff_k3_rep1_d5	10.26	7.01	17.27
simulation	single	Akkermansia_muciniphila__diff_k3_rep1_d10	Akkermansia_muciniphila	10	1	18.3	9.83	28.130000000000003	1896366080	completed	work/strainge_rerun/runs/simulation/Akkermansia_muciniphila__diff_k3_rep1_d10	15.489999999999998	7.33	22.82
simulation	single	Akkermansia_muciniphila__diff_k5_rep1_d0.5	Akkermansia_muciniphila	0.5	1	11.06	8.48	19.54	833667072	completed	work/strainge_rerun/runs/simulation/Akkermansia_muciniphila__diff_k5_rep1_d0.5	4.94	6.949999999999999	11.89
simulation	single	Akkermansia_muciniphila__diff_k5_rep1_d1	Akkermansia_muciniphila	1	1	8.15	8.55	16.700000000000003	1277706240	completed	work/strainge_rerun/runs/simulation/Akkermansia_muciniphila__diff_k5_rep1_d1	5.99	7.05	13.04
simulation	single	Akkermansia_muciniphila__diff_k5_rep1_d3	Akkermansia_muciniphila	3	1	11.87	9.03	20.9	1581203456	completed	work/strainge_rerun/runs/simulation/Akkermansia_muciniphila__diff_k5_rep1_d3	10.02	6.8500000000000005	16.87
simulation	single	Akkermansia_muciniphila__diff_k5_rep1_d5	Akkermansia_muciniphila	5	1	14.6	8.85	23.45	1731543040	completed	work/strainge_rerun/runs/simulation/Akkermansia_muciniphila__diff_k5_rep1_d5	12.27	7.2	19.47
simulation	single	Akkermansia_muciniphila__diff_k5_rep1_d10	Akkermansia_muciniphila	10	1	24.52	9.96	34.480000000000004	2287796224	completed	work/strainge_rerun/runs/simulation/Akkermansia_muciniphila__diff_k5_rep1_d10	22.43	7.68	30.11
simulation	single	Clostridioides_difficile__diff_k2_rep1_d0.5	Clostridioides_difficile	0.5	1	6.15	7.97	14.120000000000001	1332314112	completed	work/strainge_rerun/runs/simulation/Clostridioides_difficile__diff_k2_rep1_d0.5	4.3	6.380000000000001	10.68
simulation	single	Clostridioides_difficile__diff_k2_rep1_d1	Clostridioides_difficile	1	1	7.09	8.42	15.51	1284980736	completed	work/strainge_rerun/runs/simulation/Clostridioides_difficile__diff_k2_rep1_d1	5.25	6.5600000000000005	11.81
simulation	single	Clostridioides_difficile__diff_k2_rep1_d3	Clostridioides_difficile	3	1	9.84	5.78	15.620000000000001	1277591552	completed	work/strainge_rerun/runs/simulation/Clostridioides_difficile__diff_k2_rep1_d3	7.2299999999999995	5.08	12.309999999999999
simulation	single	Clostridioides_difficile__diff_k2_rep1_d5	Clostridioides_difficile	5	1	11.72	8.95	20.67	1568161792	completed	work/strainge_rerun/runs/simulation/Clostridioides_difficile__diff_k2_rep1_d5	9.899999999999999	6.959999999999999	16.86
simulation	single	Clostridioides_difficile__diff_k2_rep1_d10	Clostridioides_difficile	10	1	18.61	8.21	26.82	1932181504	completed	work/strainge_rerun/runs/simulation/Clostridioides_difficile__diff_k2_rep1_d10	15.33	6.8100000000000005	22.14
simulation	single	Clostridioides_difficile__diff_k3_rep1_d0.5	Clostridioides_difficile	0.5	1	6.29	9.0	15.29	1375535104	completed	work/strainge_rerun/runs/simulation/Clostridioides_difficile__diff_k3_rep1_d0.5	4.83	7.109999999999999	11.94
simulation	single	Clostridioides_difficile__diff_k3_rep1_d1	Clostridioides_difficile	1	1	7.26	8.97	16.23	1290518528	completed	work/strainge_rerun/runs/simulation/Clostridioides_difficile__diff_k3_rep1_d1	5.72	6.92	12.64
simulation	single	Clostridioides_difficile__diff_k3_rep1_d3	Clostridioides_difficile	3	1	10.87	9.92	20.79	1563754496	completed	work/strainge_rerun/runs/simulation/Clostridioides_difficile__diff_k3_rep1_d3	9.15	7.16	16.310000000000002
simulation	single	Clostridioides_difficile__diff_k3_rep1_d5	Clostridioides_difficile	5	1	14.98	9.48	24.46	1690959872	completed	work/strainge_rerun/runs/simulation/Clostridioides_difficile__diff_k3_rep1_d5	12.08	7.36	19.44
simulation	single	Clostridioides_difficile__diff_k3_rep1_d10	Clostridioides_difficile	10	1	22.85	9.34	32.19	2570665984	completed	work/strainge_rerun/runs/simulation/Clostridioides_difficile__diff_k3_rep1_d10	20.03	7.359999999999999	27.39
simulation	single	Clostridioides_difficile__diff_k5_rep1_d0.5	Clostridioides_difficile	0.5	1	7.18	8.74	15.92	1286946816	completed	work/strainge_rerun/runs/simulation/Clostridioides_difficile__diff_k5_rep1_d0.5	5.460000000000001	6.96	12.420000000000002
simulation	single	Clostridioides_difficile__diff_k5_rep1_d1	Clostridioides_difficile	1	1	9.36	9.61	18.97	1304608768	completed	work/strainge_rerun/runs/simulation/Clostridioides_difficile__diff_k5_rep1_d1	7.41	7.55	14.96
simulation	single	Clostridioides_difficile__diff_k5_rep1_d3	Clostridioides_difficile	3	1	15.02	8.76	23.78	1730101248	completed	work/strainge_rerun/runs/simulation/Clostridioides_difficile__diff_k5_rep1_d3	13.049999999999999	7.29	20.34
simulation	single	Clostridioides_difficile__diff_k5_rep1_d5	Clostridioides_difficile	5	1	20.17	9.37	29.54	2397454336	completed	work/strainge_rerun/runs/simulation/Clostridioides_difficile__diff_k5_rep1_d5	18.299999999999997	7.86	26.159999999999997
simulation	single	Clostridioides_difficile__diff_k5_rep1_d10	Clostridioides_difficile	10	1	34.92	9.66	44.58	3204071424	completed	work/strainge_rerun/runs/simulation/Clostridioides_difficile__diff_k5_rep1_d10	31.88	8.17	40.05
simulation	single	Cutibacterium_acnes__diff_k2_rep1_d0.5	Cutibacterium_acnes	0.5	1	5.01	5.19	10.2	507035648	completed	work/strainge_rerun/runs/simulation/Cutibacterium_acnes__diff_k2_rep1_d0.5	3.76	3.9	7.66
simulation	single	Cutibacterium_acnes__diff_k2_rep1_d1	Cutibacterium_acnes	1	1	5.47	5.15	10.620000000000001	483393536	completed	work/strainge_rerun/runs/simulation/Cutibacterium_acnes__diff_k2_rep1_d1	4.21	3.98	8.19
simulation	single	Cutibacterium_acnes__diff_k2_rep1_d3	Cutibacterium_acnes	3	1	7.21	5.59	12.8	697925632	completed	work/strainge_rerun/runs/simulation/Cutibacterium_acnes__diff_k2_rep1_d3	5.720000000000001	4.3	10.02
simulation	single	Cutibacterium_acnes__diff_k2_rep1_d5	Cutibacterium_acnes	5	1	8.42	5.87	14.29	839221248	completed	work/strainge_rerun/runs/simulation/Cutibacterium_acnes__diff_k2_rep1_d5	6.92	4.4	11.32
simulation	single	Cutibacterium_acnes__diff_k2_rep1_d10	Cutibacterium_acnes	10	1	11.7	7.0	18.7	1167392768	completed	work/strainge_rerun/runs/simulation/Cutibacterium_acnes__diff_k2_rep1_d10	10.01	4.44	14.45
simulation	single	Cutibacterium_acnes__diff_k3_rep1_d0.5	Cutibacterium_acnes	0.5	1	6.22	5.73	11.95	470073344	completed	work/strainge_rerun/runs/simulation/Cutibacterium_acnes__diff_k3_rep1_d0.5	4.02	4.140000000000001	8.16
simulation	single	Cutibacterium_acnes__diff_k3_rep1_d1	Cutibacterium_acnes	1	1	6.17	5.5	11.67	555696128	completed	work/strainge_rerun/runs/simulation/Cutibacterium_acnes__diff_k3_rep1_d1	4.529999999999999	4.19	8.719999999999999
simulation	single	Cutibacterium_acnes__diff_k3_rep1_d3	Cutibacterium_acnes	3	1	8.09	5.78	13.870000000000001	808763392	completed	work/strainge_rerun/runs/simulation/Cutibacterium_acnes__diff_k3_rep1_d3	6.55	4.3	10.85
simulation	single	Cutibacterium_acnes__diff_k3_rep1_d5	Cutibacterium_acnes	5	1	11.86	6.8	18.66	1001652224	completed	work/strainge_rerun/runs/simulation/Cutibacterium_acnes__diff_k3_rep1_d5	9.0	4.58	13.58
simulation	single	Cutibacterium_acnes__diff_k3_rep1_d10	Cutibacterium_acnes	10	1	16.3	6.57	22.87	1624571904	completed	work/strainge_rerun/runs/simulation/Cutibacterium_acnes__diff_k3_rep1_d10	13.55	4.75	18.3
simulation	single	Cutibacterium_acnes__diff_k5_rep1_d0.5	Cutibacterium_acnes	0.5	1	6.26	8.42	14.68	533463040	completed	work/strainge_rerun/runs/simulation/Cutibacterium_acnes__diff_k5_rep1_d0.5	4.5600000000000005	4.42	8.98
simulation	single	Cutibacterium_acnes__diff_k5_rep1_d1	Cutibacterium_acnes	1	1	7.09	10.85	17.939999999999998	648937472	completed	work/strainge_rerun/runs/simulation/Cutibacterium_acnes__diff_k5_rep1_d1	5.52	4.3	9.82
simulation	single	Cutibacterium_acnes__diff_k5_rep1_d3	Cutibacterium_acnes	3	1	11.39	5.96	17.35	1028161536	completed	work/strainge_rerun/runs/simulation/Cutibacterium_acnes__diff_k5_rep1_d3	8.57	4.58	13.15
simulation	single	Cutibacterium_acnes__diff_k5_rep1_d5	Cutibacterium_acnes	5	1	13.67	6.31	19.98	1482211328	completed	work/strainge_rerun/runs/simulation/Cutibacterium_acnes__diff_k5_rep1_d5	11.73	4.79	16.52
simulation	single	Cutibacterium_acnes__diff_k5_rep1_d10	Cutibacterium_acnes	10	1	22.43	6.39	28.82	2351775744	completed	work/strainge_rerun/runs/simulation/Cutibacterium_acnes__diff_k5_rep1_d10	20.06	5.02	25.08
simulation	single	Escherichia_coli__diff_k2_rep1_d0.5	Escherichia_coli	0.5	1	5.73	8.52	14.25	1658208256	completed	work/strainge_rerun/runs/simulation/Escherichia_coli__diff_k2_rep1_d0.5	4.359999999999999	6.95	11.309999999999999
simulation	single	Escherichia_coli__diff_k2_rep1_d1	Escherichia_coli	1	1	7.41	10.4	17.810000000000002	1487224832	completed	work/strainge_rerun/runs/simulation/Escherichia_coli__diff_k2_rep1_d1	4.94	6.47	11.41
simulation	single	Escherichia_coli__diff_k2_rep1_d3	Escherichia_coli	3	1	11.72	7.3	19.02	1599668224	completed	work/strainge_rerun/runs/simulation/Escherichia_coli__diff_k2_rep1_d3	7.039999999999999	6.21	13.25
simulation	single	Escherichia_coli__diff_k2_rep1_d5	Escherichia_coli	5	1	11.92	9.1	21.02	1622376448	completed	work/strainge_rerun/runs/simulation/Escherichia_coli__diff_k2_rep1_d5	10.31	7.57	17.880000000000003
simulation	single	Escherichia_coli__diff_k2_rep1_d10	Escherichia_coli	10	1	17.74	9.25	26.99	2153611264	completed	work/strainge_rerun/runs/simulation/Escherichia_coli__diff_k2_rep1_d10	16.14	7.81	23.95
simulation	single	Escherichia_coli__diff_k3_rep1_d0.5	Escherichia_coli	0.5	1	6.06	8.44	14.5	1477967872	completed	work/strainge_rerun/runs/simulation/Escherichia_coli__diff_k3_rep1_d0.5	4.78	7.04	11.82
simulation	single	Escherichia_coli__diff_k3_rep1_d1	Escherichia_coli	1	1	8.19	9.23	17.42	1154596864	completed	work/strainge_rerun/runs/simulation/Escherichia_coli__diff_k3_rep1_d1	6.79	7.37	14.16
simulation	single	Escherichia_coli__diff_k3_rep1_d3	Escherichia_coli	3	1	14.13	9.6	23.73	1618067456	completed	work/strainge_rerun/runs/simulation/Escherichia_coli__diff_k3_rep1_d3	11.530000000000001	7.869999999999999	19.4
simulation	single	Escherichia_coli__diff_k3_rep1_d5	Escherichia_coli	5	1	19.11	10.37	29.479999999999997	2167046144	completed	work/strainge_rerun/runs/simulation/Escherichia_coli__diff_k3_rep1_d5	15.83	8.25	24.08
simulation	single	Escherichia_coli__diff_k3_rep1_d10	Escherichia_coli	10	1	28.48	10.8	39.28	2787672064	completed	work/strainge_rerun/runs/simulation/Escherichia_coli__diff_k3_rep1_d10	25.98	8.7	34.68
simulation	single	Escherichia_coli__diff_k5_rep1_d0.5	Escherichia_coli	0.5	1	7.86	9.13	16.990000000000002	1148731392	completed	work/strainge_rerun/runs/simulation/Escherichia_coli__diff_k5_rep1_d0.5	6.2700000000000005	7.58	13.850000000000001
simulation	single	Escherichia_coli__diff_k5_rep1_d1	Escherichia_coli	1	1	10.24	9.87	20.11	1612562432	completed	work/strainge_rerun/runs/simulation/Escherichia_coli__diff_k5_rep1_d1	8.42	8.09	16.509999999999998
simulation	single	Escherichia_coli__diff_k5_rep1_d3	Escherichia_coli	3	1	18.16	10.3	28.46	2203336704	completed	work/strainge_rerun/runs/simulation/Escherichia_coli__diff_k5_rep1_d3	16.18	8.25	24.43
simulation	single	Escherichia_coli__diff_k5_rep1_d5	Escherichia_coli	5	1	26.65	10.28	36.93	2797846528	completed	work/strainge_rerun/runs/simulation/Escherichia_coli__diff_k5_rep1_d5	23.669999999999998	8.72	32.39
simulation	single	Escherichia_coli__diff_k5_rep1_d10	Escherichia_coli	10	1	45.82	11.66	57.480000000000004	5161304064	completed	work/strainge_rerun/runs/simulation/Escherichia_coli__diff_k5_rep1_d10	42.37	9.31	51.68
simulation	single	Fusobacterium_nucleatum__diff_k2_rep1_d0.5	Fusobacterium_nucleatum	0.5	1	5.33	6.75	12.08	894074880	completed	work/strainge_rerun/runs/simulation/Fusobacterium_nucleatum__diff_k2_rep1_d0.5	3.8	5.37	9.17
simulation	single	Fusobacterium_nucleatum__diff_k2_rep1_d1	Fusobacterium_nucleatum	1	1	5.76	7.15	12.91	744767488	completed	work/strainge_rerun/runs/simulation/Fusobacterium_nucleatum__diff_k2_rep1_d1	4.16	5.36	9.52
simulation	single	Fusobacterium_nucleatum__diff_k2_rep1_d3	Fusobacterium_nucleatum	3	1	6.77	6.96	13.73	838057984	completed	work/strainge_rerun/runs/simulation/Fusobacterium_nucleatum__diff_k2_rep1_d3	5.32	5.2	10.52
simulation	single	Fusobacterium_nucleatum__diff_k2_rep1_d5	Fusobacterium_nucleatum	5	1	8.85	7.96	16.81	852475904	completed	work/strainge_rerun/runs/simulation/Fusobacterium_nucleatum__diff_k2_rep1_d5	6.800000000000001	5.4799999999999995	12.280000000000001
simulation	single	Fusobacterium_nucleatum__diff_k2_rep1_d10	Fusobacterium_nucleatum	10	1	10.86	7.44	18.3	1160019968	completed	work/strainge_rerun/runs/simulation/Fusobacterium_nucleatum__diff_k2_rep1_d10	9.03	5.68	14.709999999999999
simulation	single	Fusobacterium_nucleatum__diff_k3_rep1_d0.5	Fusobacterium_nucleatum	0.5	1	5.96	7.34	13.3	900530176	completed	work/strainge_rerun/runs/simulation/Fusobacterium_nucleatum__diff_k3_rep1_d0.5	4.17	5.279999999999999	9.45
simulation	single	Fusobacterium_nucleatum__diff_k3_rep1_d1	Fusobacterium_nucleatum	1	1	7.46	7.06	14.52	778862592	completed	work/strainge_rerun/runs/simulation/Fusobacterium_nucleatum__diff_k3_rep1_d1	4.54	5.550000000000001	10.09
simulation	single	Fusobacterium_nucleatum__diff_k3_rep1_d3	Fusobacterium_nucleatum	3	1	7.93	7.75	15.68	832487424	completed	work/strainge_rerun/runs/simulation/Fusobacterium_nucleatum__diff_k3_rep1_d3	6.37	5.67	12.04
simulation	single	Fusobacterium_nucleatum__diff_k3_rep1_d5	Fusobacterium_nucleatum	5	1	10.28	7.51	17.79	1043578880	completed	work/strainge_rerun/runs/simulation/Fusobacterium_nucleatum__diff_k3_rep1_d5	8.16	5.74	13.9
simulation	single	Fusobacterium_nucleatum__diff_k3_rep1_d10	Fusobacterium_nucleatum	10	1	14.28	7.52	21.799999999999997	1514569728	completed	work/strainge_rerun/runs/simulation/Fusobacterium_nucleatum__diff_k3_rep1_d10	12.24	5.779999999999999	18.02
simulation	single	Fusobacterium_nucleatum__diff_k5_rep1_d0.5	Fusobacterium_nucleatum	0.5	1	6.2	7.63	13.83	785137664	completed	work/strainge_rerun/runs/simulation/Fusobacterium_nucleatum__diff_k5_rep1_d0.5	4.5200000000000005	5.4399999999999995	9.96
simulation	single	Fusobacterium_nucleatum__diff_k5_rep1_d1	Fusobacterium_nucleatum	1	1	7.12	7.27	14.39	839516160	completed	work/strainge_rerun/runs/simulation/Fusobacterium_nucleatum__diff_k5_rep1_d1	5.29	5.74	11.030000000000001
simulation	single	Fusobacterium_nucleatum__diff_k5_rep1_d3	Fusobacterium_nucleatum	3	1	10.26	7.64	17.9	1086767104	completed	work/strainge_rerun/runs/simulation/Fusobacterium_nucleatum__diff_k5_rep1_d3	7.93	5.78	13.71
simulation	single	Fusobacterium_nucleatum__diff_k5_rep1_d5	Fusobacterium_nucleatum	5	1	13.15	10.78	23.93	1322582016	completed	work/strainge_rerun/runs/simulation/Fusobacterium_nucleatum__diff_k5_rep1_d5	10.58	5.1499999999999995	15.73
simulation	single	Fusobacterium_nucleatum__diff_k5_rep1_d10	Fusobacterium_nucleatum	10	1	18.85	8.19	27.04	2279505920	completed	work/strainge_rerun/runs/simulation/Fusobacterium_nucleatum__diff_k5_rep1_d10	17.1	6.48	23.580000000000002
simulation	single	Klebsiella_pneumoniae__diff_k2_rep1_d0.5	Klebsiella_pneumoniae	0.5	1	6.56	9.44	16.0	1644740608	completed	work/strainge_rerun/runs/simulation/Klebsiella_pneumoniae__diff_k2_rep1_d0.5	4.68	7.880000000000001	12.56
simulation	single	Klebsiella_pneumoniae__diff_k2_rep1_d1	Klebsiella_pneumoniae	1	1	7.42	9.89	17.310000000000002	1533722624	completed	work/strainge_rerun/runs/simulation/Klebsiella_pneumoniae__diff_k2_rep1_d1	6.01	7.96	13.969999999999999
simulation	single	Klebsiella_pneumoniae__diff_k2_rep1_d3	Klebsiella_pneumoniae	3	1	11.57	10.04	21.61	1561788416	completed	work/strainge_rerun/runs/simulation/Klebsiella_pneumoniae__diff_k2_rep1_d3	10.05	8.31	18.36
simulation	single	Klebsiella_pneumoniae__diff_k2_rep1_d5	Klebsiella_pneumoniae	5	1	15.46	9.87	25.33	1990180864	completed	work/strainge_rerun/runs/simulation/Klebsiella_pneumoniae__diff_k2_rep1_d5	13.34	8.43	21.77
simulation	single	Klebsiella_pneumoniae__diff_k2_rep1_d10	Klebsiella_pneumoniae	10	1	25.56	10.19	35.75	2831466496	completed	work/strainge_rerun/runs/simulation/Klebsiella_pneumoniae__diff_k2_rep1_d10	22.81	8.69	31.5
simulation	single	Klebsiella_pneumoniae__diff_k3_rep1_d0.5	Klebsiella_pneumoniae	0.5	1	7.76	9.62	17.38	1542291456	completed	work/strainge_rerun/runs/simulation/Klebsiella_pneumoniae__diff_k3_rep1_d0.5	6.31	8.18	14.489999999999998
simulation	single	Klebsiella_pneumoniae__diff_k3_rep1_d1	Klebsiella_pneumoniae	1	1	10.1	10.42	20.52	1557381120	completed	work/strainge_rerun/runs/simulation/Klebsiella_pneumoniae__diff_k3_rep1_d1	8.540000000000001	8.52	17.060000000000002
simulation	single	Klebsiella_pneumoniae__diff_k3_rep1_d3	Klebsiella_pneumoniae	3	1	18.65	10.63	29.28	2072199168	completed	work/strainge_rerun/runs/simulation/Klebsiella_pneumoniae__diff_k3_rep1_d3	15.83	8.9	24.73
simulation	single	Klebsiella_pneumoniae__diff_k3_rep1_d5	Klebsiella_pneumoniae	5	1	25.41	11.04	36.45	2959212544	completed	work/strainge_rerun/runs/simulation/Klebsiella_pneumoniae__diff_k3_rep1_d5	23.17	9.09	32.260000000000005
simulation	single	Klebsiella_pneumoniae__diff_k3_rep1_d10	Klebsiella_pneumoniae	10	1	46.44	12.6	59.04	4766318592	completed	work/strainge_rerun/runs/simulation/Klebsiella_pneumoniae__diff_k3_rep1_d10	42.279999999999994	9.7	51.97999999999999
simulation	single	Klebsiella_pneumoniae__diff_k5_rep1_d0.5	Klebsiella_pneumoniae	0.5	1	7.43	9.96	17.39	1547436032	completed	work/strainge_rerun/runs/simulation/Klebsiella_pneumoniae__diff_k5_rep1_d0.5	5.89	8.41	14.3
simulation	single	Klebsiella_pneumoniae__diff_k5_rep1_d1	Klebsiella_pneumoniae	1	1	9.43	10.68	20.11	1540833280	completed	work/strainge_rerun/runs/simulation/Klebsiella_pneumoniae__diff_k5_rep1_d1	7.8100000000000005	8.69	16.5
simulation	single	Klebsiella_pneumoniae__diff_k5_rep1_d3	Klebsiella_pneumoniae	3	1	16.61	10.26	26.869999999999997	2057945088	completed	work/strainge_rerun/runs/simulation/Klebsiella_pneumoniae__diff_k5_rep1_d3	14.719999999999999	8.9	23.619999999999997
simulation	single	Klebsiella_pneumoniae__diff_k5_rep1_d5	Klebsiella_pneumoniae	5	1	22.85	10.72	33.57	2790899712	completed	work/strainge_rerun/runs/simulation/Klebsiella_pneumoniae__diff_k5_rep1_d5	20.95	9.1	30.049999999999997
simulation	single	Klebsiella_pneumoniae__diff_k5_rep1_d10	Klebsiella_pneumoniae	10	1	40.57	12.94	53.51	4639309824	completed	work/strainge_rerun/runs/simulation/Klebsiella_pneumoniae__diff_k5_rep1_d10	37.76	10.01	47.769999999999996
simulation	single	Lactiplantibacillus_plantarum__diff_k2_rep1_d0.5	Lactiplantibacillus_plantarum	0.5	1	5.73	10.35	16.08	918159360	completed	work/strainge_rerun/runs/simulation/Lactiplantibacillus_plantarum__diff_k2_rep1_d0.5	4.15	8.25	12.4
simulation	single	Lactiplantibacillus_plantarum__diff_k2_rep1_d1	Lactiplantibacillus_plantarum	1	1	6.19	9.92	16.11	788250624	completed	work/strainge_rerun/runs/simulation/Lactiplantibacillus_plantarum__diff_k2_rep1_d1	4.65	8.06	12.71
simulation	single	Lactiplantibacillus_plantarum__diff_k2_rep1_d3	Lactiplantibacillus_plantarum	3	1	8.29	9.64	17.93	850329600	completed	work/strainge_rerun/runs/simulation/Lactiplantibacillus_plantarum__diff_k2_rep1_d3	6.71	7.92	14.629999999999999
simulation	single	Lactiplantibacillus_plantarum__diff_k2_rep1_d5	Lactiplantibacillus_plantarum	5	1	10.14	11.77	21.91	1106673664	completed	work/strainge_rerun/runs/simulation/Lactiplantibacillus_plantarum__diff_k2_rep1_d5	8.16	7.609999999999999	15.77
simulation	single	Lactiplantibacillus_plantarum__diff_k2_rep1_d10	Lactiplantibacillus_plantarum	10	1	14.16	10.71	24.87	1665302528	completed	work/strainge_rerun/runs/simulation/Lactiplantibacillus_plantarum__diff_k2_rep1_d10	11.76	8.83	20.59
simulation	single	Lactiplantibacillus_plantarum__diff_k3_rep1_d0.5	Lactiplantibacillus_plantarum	0.5	1	6.31	9.96	16.27	922337280	completed	work/strainge_rerun/runs/simulation/Lactiplantibacillus_plantarum__diff_k3_rep1_d0.5	4.41	8.34	12.75
simulation	single	Lactiplantibacillus_plantarum__diff_k3_rep1_d1	Lactiplantibacillus_plantarum	1	1	6.71	9.34	16.05	860946432	completed	work/strainge_rerun/runs/simulation/Lactiplantibacillus_plantarum__diff_k3_rep1_d1	5.19	7.98	13.170000000000002
simulation	single	Lactiplantibacillus_plantarum__diff_k3_rep1_d3	Lactiplantibacillus_plantarum	3	1	9.51	9.88	19.39	964853760	completed	work/strainge_rerun/runs/simulation/Lactiplantibacillus_plantarum__diff_k3_rep1_d3	8.08	8.4	16.48
simulation	single	Lactiplantibacillus_plantarum__diff_k3_rep1_d5	Lactiplantibacillus_plantarum	5	1	12.07	10.56	22.630000000000003	1228292096	completed	work/strainge_rerun/runs/simulation/Lactiplantibacillus_plantarum__diff_k3_rep1_d5	10.51	8.69	19.2
simulation	single	Lactiplantibacillus_plantarum__diff_k3_rep1_d10	Lactiplantibacillus_plantarum	10	1	18.59	10.11	28.7	2067890176	completed	work/strainge_rerun/runs/simulation/Lactiplantibacillus_plantarum__diff_k3_rep1_d10	16.41	8.66	25.07
simulation	single	Lactiplantibacillus_plantarum__diff_k5_rep1_d0.5	Lactiplantibacillus_plantarum	0.5	1	6.45	10.0	16.45	808910848	completed	work/strainge_rerun/runs/simulation/Lactiplantibacillus_plantarum__diff_k5_rep1_d0.5	4.9399999999999995	8.41	13.35
simulation	single	Lactiplantibacillus_plantarum__diff_k5_rep1_d1	Lactiplantibacillus_plantarum	1	1	7.81	9.95	17.759999999999998	860700672	completed	work/strainge_rerun/runs/simulation/Lactiplantibacillus_plantarum__diff_k5_rep1_d1	6.17	8.35	14.52
simulation	single	Lactiplantibacillus_plantarum__diff_k5_rep1_d3	Lactiplantibacillus_plantarum	3	1	12.89	10.52	23.41	1299922944	completed	work/strainge_rerun/runs/simulation/Lactiplantibacillus_plantarum__diff_k5_rep1_d3	10.84	8.56	19.4
simulation	single	Lactiplantibacillus_plantarum__diff_k5_rep1_d5	Lactiplantibacillus_plantarum	5	1	16.61	11.52	28.13	1902919680	completed	work/strainge_rerun/runs/simulation/Lactiplantibacillus_plantarum__diff_k5_rep1_d5	14.77	9.16	23.93
simulation	single	Lactiplantibacillus_plantarum__diff_k5_rep1_d10	Lactiplantibacillus_plantarum	10	1	28.21	10.96	39.17	2508423168	completed	work/strainge_rerun/runs/simulation/Lactiplantibacillus_plantarum__diff_k5_rep1_d10	25.310000000000002	9.26	34.57
simulation	single	Mycobacterium_tuberculosis__same_k2_rep1_d0.5	Mycobacterium_tuberculosis	0.5	1	5.74	5.14	10.879999999999999	484147200	completed	work/strainge_rerun/runs/simulation/Mycobacterium_tuberculosis__same_k2_rep1_d0.5	4.3	3.93	8.23
simulation	single	Mycobacterium_tuberculosis__same_k2_rep1_d1	Mycobacterium_tuberculosis	1	1	6.68	5.16	11.84	657702912	completed	work/strainge_rerun/runs/simulation/Mycobacterium_tuberculosis__same_k2_rep1_d1	5.07	3.9299999999999997	9.0
simulation	single	Mycobacterium_tuberculosis__same_k2_rep1_d3	Mycobacterium_tuberculosis	3	1	9.01	5.41	14.42	962641920	completed	work/strainge_rerun/runs/simulation/Mycobacterium_tuberculosis__same_k2_rep1_d3	7.33	4.13	11.46
simulation	single	Mycobacterium_tuberculosis__same_k2_rep1_d5	Mycobacterium_tuberculosis	5	1	12.05	5.57	17.62	1166180352	completed	work/strainge_rerun/runs/simulation/Mycobacterium_tuberculosis__same_k2_rep1_d5	10.08	4.14	14.219999999999999
simulation	single	Mycobacterium_tuberculosis__same_k2_rep1_d10	Mycobacterium_tuberculosis	10	1	19.19	5.76	24.950000000000003	1940406272	completed	work/strainge_rerun/runs/simulation/Mycobacterium_tuberculosis__same_k2_rep1_d10	14.989999999999998	4.42	19.409999999999997
simulation	single	Mycobacterium_tuberculosis__same_k3_rep1_d0.5	Mycobacterium_tuberculosis	0.5	1	5.77	5.44	11.21	567820288	completed	work/strainge_rerun/runs/simulation/Mycobacterium_tuberculosis__same_k3_rep1_d0.5	4.5	3.8600000000000003	8.36
simulation	single	Mycobacterium_tuberculosis__same_k3_rep1_d1	Mycobacterium_tuberculosis	1	1	7.54	5.55	13.09	769130496	completed	work/strainge_rerun/runs/simulation/Mycobacterium_tuberculosis__same_k3_rep1_d1	5.87	3.9800000000000004	9.850000000000001
simulation	single	Mycobacterium_tuberculosis__same_k3_rep1_d3	Mycobacterium_tuberculosis	3	1	11.76	6.26	18.02	1126875136	completed	work/strainge_rerun/runs/simulation/Mycobacterium_tuberculosis__same_k3_rep1_d3	9.399999999999999	4.25	13.649999999999999
simulation	single	Mycobacterium_tuberculosis__same_k3_rep1_d5	Mycobacterium_tuberculosis	5	1	14.61	5.95	20.56	1497120768	completed	work/strainge_rerun/runs/simulation/Mycobacterium_tuberculosis__same_k3_rep1_d5	12.43	4.31	16.74
simulation	single	Mycobacterium_tuberculosis__same_k3_rep1_d10	Mycobacterium_tuberculosis	10	1	23.7	6.01	29.71	2582364160	completed	work/strainge_rerun/runs/simulation/Mycobacterium_tuberculosis__same_k3_rep1_d10	21.29	4.71	26.0
simulation	single	Mycobacterium_tuberculosis__same_k5_rep1_d0.5	Mycobacterium_tuberculosis	0.5	1	7.55	6.04	13.59	718913536	completed	work/strainge_rerun/runs/simulation/Mycobacterium_tuberculosis__same_k5_rep1_d0.5	5.510000000000001	3.92	9.43
simulation	single	Mycobacterium_tuberculosis__same_k5_rep1_d1	Mycobacterium_tuberculosis	1	1	9.68	5.88	15.559999999999999	871415808	completed	work/strainge_rerun/runs/simulation/Mycobacterium_tuberculosis__same_k5_rep1_d1	7.17	4.0	11.17
simulation	single	Mycobacterium_tuberculosis__same_k5_rep1_d3	Mycobacterium_tuberculosis	3	1	14.8	5.72	20.52	1477492736	completed	work/strainge_rerun/runs/simulation/Mycobacterium_tuberculosis__same_k5_rep1_d3	12.799999999999999	4.38	17.18
simulation	single	Mycobacterium_tuberculosis__same_k5_rep1_d5	Mycobacterium_tuberculosis	5	1	20.85	6.06	26.91	2261614592	completed	work/strainge_rerun/runs/simulation/Mycobacterium_tuberculosis__same_k5_rep1_d5	18.28	4.64	22.92
simulation	single	Mycobacterium_tuberculosis__same_k5_rep1_d10	Mycobacterium_tuberculosis	10	1	35.2	5.06	40.260000000000005	3917152256	completed	work/strainge_rerun/runs/simulation/Mycobacterium_tuberculosis__same_k5_rep1_d10	30.91	3.55	34.46
simulation	single	Phocaeicola_dorei__diff_k2_rep1_d0.5	Phocaeicola_dorei	0.5	1	6.02	7.73	13.75	1204322304	completed	work/strainge_rerun/runs/simulation/Phocaeicola_dorei__diff_k2_rep1_d0.5	4.4	6.01	10.41
simulation	single	Phocaeicola_dorei__diff_k2_rep1_d1	Phocaeicola_dorei	1	1	6.9	7.71	14.61	1109557248	completed	work/strainge_rerun/runs/simulation/Phocaeicola_dorei__diff_k2_rep1_d1	5.5	5.95	11.45
simulation	single	Phocaeicola_dorei__diff_k2_rep1_d3	Phocaeicola_dorei	3	1	10.88	8.02	18.9	1109721088	completed	work/strainge_rerun/runs/simulation/Phocaeicola_dorei__diff_k2_rep1_d3	8.87	6.29	15.16
simulation	single	Phocaeicola_dorei__diff_k2_rep1_d5	Phocaeicola_dorei	5	1	13.58	8.07	21.65	1496219648	completed	work/strainge_rerun/runs/simulation/Phocaeicola_dorei__diff_k2_rep1_d5	11.67	6.16	17.83
simulation	single	Phocaeicola_dorei__diff_k2_rep1_d10	Phocaeicola_dorei	10	1	19.24	8.71	27.95	2347876352	completed	work/strainge_rerun/runs/simulation/Phocaeicola_dorei__diff_k2_rep1_d10	17.54	6.51	24.049999999999997
simulation	single	Phocaeicola_dorei__diff_k3_rep1_d0.5	Phocaeicola_dorei	0.5	1	7.92	7.68	15.6	1248624640	completed	work/strainge_rerun/runs/simulation/Phocaeicola_dorei__diff_k3_rep1_d0.5	4.96	6.210000000000001	11.170000000000002
simulation	single	Phocaeicola_dorei__diff_k3_rep1_d1	Phocaeicola_dorei	1	1	7.42	8.4	15.82	1124352000	completed	work/strainge_rerun/runs/simulation/Phocaeicola_dorei__diff_k3_rep1_d1	6.18	6.109999999999999	12.29
simulation	single	Phocaeicola_dorei__diff_k3_rep1_d3	Phocaeicola_dorei	3	1	12.17	7.44	19.61	1475543040	completed	work/strainge_rerun/runs/simulation/Phocaeicola_dorei__diff_k3_rep1_d3	10.26	6.14	16.4
simulation	single	Phocaeicola_dorei__diff_k3_rep1_d5	Phocaeicola_dorei	5	1	15.89	7.77	23.66	1784086528	completed	work/strainge_rerun/runs/simulation/Phocaeicola_dorei__diff_k3_rep1_d5	14.05	6.43	20.48
simulation	single	Phocaeicola_dorei__diff_k3_rep1_d10	Phocaeicola_dorei	10	1	25.8	8.55	34.35	2434990080	completed	work/strainge_rerun/runs/simulation/Phocaeicola_dorei__diff_k3_rep1_d10	23.63	6.949999999999999	30.58
simulation	single	Phocaeicola_dorei__diff_k5_rep1_d0.5	Phocaeicola_dorei	0.5	1	7.81	8.07	15.879999999999999	1129103360	completed	work/strainge_rerun/runs/simulation/Phocaeicola_dorei__diff_k5_rep1_d0.5	6.21	6.6	12.809999999999999
simulation	single	Phocaeicola_dorei__diff_k5_rep1_d1	Phocaeicola_dorei	1	1	9.55	8.38	17.93	1433862144	completed	work/strainge_rerun/runs/simulation/Phocaeicola_dorei__diff_k5_rep1_d1	8.21	6.949999999999999	15.16
simulation	single	Phocaeicola_dorei__diff_k5_rep1_d3	Phocaeicola_dorei	3	1	18.32	8.68	27.0	1981267968	completed	work/strainge_rerun/runs/simulation/Phocaeicola_dorei__diff_k5_rep1_d3	15.649999999999999	6.859999999999999	22.509999999999998
simulation	single	Phocaeicola_dorei__diff_k5_rep1_d5	Phocaeicola_dorei	5	1	26.04	9.03	35.07	3003482112	completed	work/strainge_rerun/runs/simulation/Phocaeicola_dorei__diff_k5_rep1_d5	22.939999999999998	7.58	30.519999999999996
simulation	single	Phocaeicola_dorei__diff_k5_rep1_d10	Phocaeicola_dorei	10	1	44.06	10.12	54.18	4809965568	completed	work/strainge_rerun/runs/simulation/Phocaeicola_dorei__diff_k5_rep1_d10	40.550000000000004	8.4	48.95
simulation	single	Porphyromonas_gingivalis__diff_k2_rep1_d0.5	Porphyromonas_gingivalis	0.5	1	5.26	7.77	13.03	1030930432	completed	work/strainge_rerun/runs/simulation/Porphyromonas_gingivalis__diff_k2_rep1_d0.5	3.8099999999999996	6.279999999999999	10.09
simulation	single	Porphyromonas_gingivalis__diff_k2_rep1_d1	Porphyromonas_gingivalis	1	1	5.84	7.54	13.379999999999999	717324288	completed	work/strainge_rerun/runs/simulation/Porphyromonas_gingivalis__diff_k2_rep1_d1	4.35	6.199999999999999	10.549999999999999
simulation	single	Porphyromonas_gingivalis__diff_k2_rep1_d3	Porphyromonas_gingivalis	3	1	7.12	9.0	16.12	1005092864	completed	work/strainge_rerun/runs/simulation/Porphyromonas_gingivalis__diff_k2_rep1_d3	5.779999999999999	6.4799999999999995	12.259999999999998
simulation	single	Porphyromonas_gingivalis__diff_k2_rep1_d5	Porphyromonas_gingivalis	5	1	8.22	7.78	16.0	1014071296	completed	work/strainge_rerun/runs/simulation/Porphyromonas_gingivalis__diff_k2_rep1_d5	6.81	6.46	13.27
simulation	single	Porphyromonas_gingivalis__diff_k2_rep1_d10	Porphyromonas_gingivalis	10	1	11.32	8.52	19.84	1280950272	completed	work/strainge_rerun/runs/simulation/Porphyromonas_gingivalis__diff_k2_rep1_d10	9.65	6.53	16.18
simulation	single	Porphyromonas_gingivalis__diff_k3_rep1_d0.5	Porphyromonas_gingivalis	0.5	1	5.36	8.47	13.830000000000002	740425728	completed	work/strainge_rerun/runs/simulation/Porphyromonas_gingivalis__diff_k3_rep1_d0.5	4.1	6.340000000000001	10.440000000000001
simulation	single	Porphyromonas_gingivalis__diff_k3_rep1_d1	Porphyromonas_gingivalis	1	1	7.17	7.94	15.11	1004929024	completed	work/strainge_rerun/runs/simulation/Porphyromonas_gingivalis__diff_k3_rep1_d1	4.7	6.31	11.01
simulation	single	Porphyromonas_gingivalis__diff_k3_rep1_d3	Porphyromonas_gingivalis	3	1	8.84	8.36	17.2	1185005568	completed	work/strainge_rerun/runs/simulation/Porphyromonas_gingivalis__diff_k3_rep1_d3	7.1899999999999995	6.66	13.85
simulation	single	Porphyromonas_gingivalis__diff_k3_rep1_d5	Porphyromonas_gingivalis	5	1	11.75	8.69	20.439999999999998	1269088256	completed	work/strainge_rerun/runs/simulation/Porphyromonas_gingivalis__diff_k3_rep1_d5	9.69	6.67	16.36
simulation	single	Porphyromonas_gingivalis__diff_k3_rep1_d10	Porphyromonas_gingivalis	10	1	16.58	9.12	25.699999999999996	1889026048	completed	work/strainge_rerun/runs/simulation/Porphyromonas_gingivalis__diff_k3_rep1_d10	14.67	7.07	21.740000000000002
simulation	single	Porphyromonas_gingivalis__diff_k5_rep1_d0.5	Porphyromonas_gingivalis	0.5	1	6.47	8.68	15.149999999999999	753647616	completed	work/strainge_rerun/runs/simulation/Porphyromonas_gingivalis__diff_k5_rep1_d0.5	4.52	6.66	11.18
simulation	single	Porphyromonas_gingivalis__diff_k5_rep1_d1	Porphyromonas_gingivalis	1	1	7.2	8.32	15.52	1013760000	completed	work/strainge_rerun/runs/simulation/Porphyromonas_gingivalis__diff_k5_rep1_d1	5.2299999999999995	6.590000000000001	11.82
simulation	single	Porphyromonas_gingivalis__diff_k5_rep1_d3	Porphyromonas_gingivalis	3	1	10.33	8.88	19.21	1238597632	completed	work/strainge_rerun/runs/simulation/Porphyromonas_gingivalis__diff_k5_rep1_d3	8.47	6.8	15.27
simulation	single	Porphyromonas_gingivalis__diff_k5_rep1_d5	Porphyromonas_gingivalis	5	1	13.89	8.23	22.12	1474560000	completed	work/strainge_rerun/runs/simulation/Porphyromonas_gingivalis__diff_k5_rep1_d5	11.309999999999999	6.699999999999999	18.009999999999998
simulation	single	Porphyromonas_gingivalis__diff_k5_rep1_d10	Porphyromonas_gingivalis	10	1	21.36	9.91	31.27	2283454464	completed	work/strainge_rerun/runs/simulation/Porphyromonas_gingivalis__diff_k5_rep1_d10	17.900000000000002	6.609999999999999	24.51
simulation	single	Prevotella_copri__diff_k2_rep1_d0.5	Prevotella_copri	0.5	1	7.44	11.4	18.84	1595113472	completed	work/strainge_rerun/runs/simulation/Prevotella_copri__diff_k2_rep1_d0.5	3.86	6.609999999999999	10.469999999999999
simulation	single	Prevotella_copri__diff_k2_rep1_d1	Prevotella_copri	1	1	8.06	11.83	19.89	1238515712	completed	work/strainge_rerun/runs/simulation/Prevotella_copri__diff_k2_rep1_d1	4.79	6.53	11.32
simulation	single	Prevotella_copri__diff_k2_rep1_d3	Prevotella_copri	3	1	10.72	12.17	22.89	1753202688	completed	work/strainge_rerun/runs/simulation/Prevotella_copri__diff_k2_rep1_d3	6.99	7.08	14.07
simulation	single	Prevotella_copri__diff_k2_rep1_d5	Prevotella_copri	5	1	14.04	11.11	25.15	1822375936	completed	work/strainge_rerun/runs/simulation/Prevotella_copri__diff_k2_rep1_d5	8.870000000000001	7.22	16.09
simulation	single	Prevotella_copri__diff_k2_rep1_d10	Prevotella_copri	10	1	18.13	10.53	28.659999999999997	1746731008	completed	work/strainge_rerun/runs/simulation/Prevotella_copri__diff_k2_rep1_d10	13.97	7.3	21.27
simulation	single	Prevotella_copri__diff_k3_rep1_d0.5	Prevotella_copri	0.5	1	10.33	11.44	21.77	1536327680	completed	work/strainge_rerun/runs/simulation/Prevotella_copri__diff_k3_rep1_d0.5	4.41	6.779999999999999	11.19
simulation	single	Prevotella_copri__diff_k3_rep1_d1	Prevotella_copri	1	1	7.81	9.42	17.23	1312227328	completed	work/strainge_rerun/runs/simulation/Prevotella_copri__diff_k3_rep1_d1	5.54	6.87	12.41
simulation	single	Prevotella_copri__diff_k3_rep1_d3	Prevotella_copri	3	1	12.79	7.14	19.93	1837891584	completed	work/strainge_rerun/runs/simulation/Prevotella_copri__diff_k3_rep1_d3	9.15	5.65	14.8
simulation	single	Prevotella_copri__diff_k3_rep1_d5	Prevotella_copri	5	1	13.8	9.46	23.26	1564131328	completed	work/strainge_rerun/runs/simulation/Prevotella_copri__diff_k3_rep1_d5	11.15	7.6899999999999995	18.84
simulation	single	Prevotella_copri__diff_k3_rep1_d10	Prevotella_copri	10	1	21.66	9.55	31.21	2603483136	completed	work/strainge_rerun/runs/simulation/Prevotella_copri__diff_k3_rep1_d10	19.580000000000002	8.02	27.6
simulation	single	Prevotella_copri__diff_k5_rep1_d0.5	Prevotella_copri	0.5	1	7.21	9.56	16.77	1293549568	completed	work/strainge_rerun/runs/simulation/Prevotella_copri__diff_k5_rep1_d0.5	5.31	7.3999999999999995	12.709999999999999
simulation	single	Prevotella_copri__diff_k5_rep1_d1	Prevotella_copri	1	1	9.17	9.59	18.759999999999998	1794850816	completed	work/strainge_rerun/runs/simulation/Prevotella_copri__diff_k5_rep1_d1	7.17	7.640000000000001	14.81
simulation	single	Prevotella_copri__diff_k5_rep1_d3	Prevotella_copri	3	1	14.67	9.87	24.54	1716731904	completed	work/strainge_rerun/runs/simulation/Prevotella_copri__diff_k5_rep1_d3	12.74	8.14	20.880000000000003
simulation	single	Prevotella_copri__diff_k5_rep1_d5	Prevotella_copri	5	1	20.87	10.73	31.6	2319138816	completed	work/strainge_rerun/runs/simulation/Prevotella_copri__diff_k5_rep1_d5	18.39	8.53	26.92
simulation	single	Prevotella_copri__diff_k5_rep1_d10	Prevotella_copri	10	1	34.15	10.58	44.73	3308404736	completed	work/strainge_rerun/runs/simulation/Prevotella_copri__diff_k5_rep1_d10	31.040000000000003	8.85	39.89
simulation	single	Salmonella_enterica__diff_k2_rep1_d0.5	Salmonella_enterica	0.5	1	5.99	7.71	13.7	1403387904	completed	work/strainge_rerun/runs/simulation/Salmonella_enterica__diff_k2_rep1_d0.5	4.58	6.34	10.92
simulation	single	Salmonella_enterica__diff_k2_rep1_d1	Salmonella_enterica	1	1	7.63	8.32	15.95	992313344	completed	work/strainge_rerun/runs/simulation/Salmonella_enterica__diff_k2_rep1_d1	5.81	6.6	12.41
simulation	single	Salmonella_enterica__diff_k2_rep1_d3	Salmonella_enterica	3	1	11.09	8.61	19.7	1323466752	completed	work/strainge_rerun/runs/simulation/Salmonella_enterica__diff_k2_rep1_d3	9.29	6.9	16.189999999999998
simulation	single	Salmonella_enterica__diff_k2_rep1_d5	Salmonella_enterica	5	1	14.13	9.02	23.15	1735245824	completed	work/strainge_rerun/runs/simulation/Salmonella_enterica__diff_k2_rep1_d5	12.08	6.970000000000001	19.05
simulation	single	Salmonella_enterica__diff_k2_rep1_d10	Salmonella_enterica	10	1	22.17	8.94	31.11	2514288640	completed	work/strainge_rerun/runs/simulation/Salmonella_enterica__diff_k2_rep1_d10	19.240000000000002	7.43	26.67
simulation	single	Salmonella_enterica__diff_k3_rep1_d0.5	Salmonella_enterica	0.5	1	6.92	8.44	15.36	1340375040	completed	work/strainge_rerun/runs/simulation/Salmonella_enterica__diff_k3_rep1_d0.5	5.13	6.6499999999999995	11.78
simulation	single	Salmonella_enterica__diff_k3_rep1_d1	Salmonella_enterica	1	1	8.56	8.92	17.48	1314209792	completed	work/strainge_rerun/runs/simulation/Salmonella_enterica__diff_k3_rep1_d1	6.25	6.65	12.9
simulation	single	Salmonella_enterica__diff_k3_rep1_d3	Salmonella_enterica	3	1	12.08	8.92	21.0	1680670720	completed	work/strainge_rerun/runs/simulation/Salmonella_enterica__diff_k3_rep1_d3	10.27	7.02	17.29
simulation	single	Salmonella_enterica__diff_k3_rep1_d5	Salmonella_enterica	5	1	17.05	8.92	25.97	1823686656	completed	work/strainge_rerun/runs/simulation/Salmonella_enterica__diff_k3_rep1_d5	14.72	7.21	21.93
simulation	single	Salmonella_enterica__diff_k3_rep1_d10	Salmonella_enterica	10	1	28.76	8.76	37.52	2521972736	completed	work/strainge_rerun/runs/simulation/Salmonella_enterica__diff_k3_rep1_d10	23.52	7.48	31.0
simulation	single	Salmonella_enterica__diff_k5_rep1_d0.5	Salmonella_enterica	0.5	1	7.32	8.36	15.68	1311621120	completed	work/strainge_rerun/runs/simulation/Salmonella_enterica__diff_k5_rep1_d0.5	5.909999999999999	7.08	12.989999999999998
simulation	single	Salmonella_enterica__diff_k5_rep1_d1	Salmonella_enterica	1	1	9.4	8.49	17.89	1344569344	completed	work/strainge_rerun/runs/simulation/Salmonella_enterica__diff_k5_rep1_d1	7.91	7.15	15.06
simulation	single	Salmonella_enterica__diff_k5_rep1_d3	Salmonella_enterica	3	1	15.9	9.05	24.950000000000003	1873281024	completed	work/strainge_rerun/runs/simulation/Salmonella_enterica__diff_k5_rep1_d3	14.32	7.59	21.91
simulation	single	Salmonella_enterica__diff_k5_rep1_d5	Salmonella_enterica	5	1	23.15	18.59	41.739999999999995	2565013504	completed	work/strainge_rerun/runs/simulation/Salmonella_enterica__diff_k5_rep1_d5	21.07	7.36	28.43
simulation	single	Salmonella_enterica__diff_k5_rep1_d10	Salmonella_enterica	10	1	43.39	10.77	54.16	4650434560	completed	work/strainge_rerun/runs/simulation/Salmonella_enterica__diff_k5_rep1_d10	36.93	8.049999999999999	44.98
simulation	single	Staphylococcus_aureus__diff_k2_rep1_d0.5	Staphylococcus_aureus	0.5	1	6.22	6.78	13.0	561790976	completed	work/strainge_rerun/runs/simulation/Staphylococcus_aureus__diff_k2_rep1_d0.5	3.63	4.09	7.72
simulation	single	Staphylococcus_aureus__diff_k2_rep1_d1	Staphylococcus_aureus	1	1	6.64	7.58	14.219999999999999	511082496	completed	work/strainge_rerun/runs/simulation/Staphylococcus_aureus__diff_k2_rep1_d1	4.33	4.31	8.64
simulation	single	Staphylococcus_aureus__diff_k2_rep1_d3	Staphylococcus_aureus	3	1	20.6	6.3	26.900000000000002	731955200	completed	work/strainge_rerun/runs/simulation/Staphylococcus_aureus__diff_k2_rep1_d3	5.54	4.29	9.83
simulation	single	Staphylococcus_aureus__diff_k2_rep1_d5	Staphylococcus_aureus	5	1	9.84	6.66	16.5	891731968	completed	work/strainge_rerun/runs/simulation/Staphylococcus_aureus__diff_k2_rep1_d5	7.3	4.49	11.79
simulation	single	Staphylococcus_aureus__diff_k2_rep1_d10	Staphylococcus_aureus	10	1	13.69	8.43	22.119999999999997	1403846656	completed	work/strainge_rerun/runs/simulation/Staphylococcus_aureus__diff_k2_rep1_d10	10.74	4.68	15.42
simulation	single	Staphylococcus_aureus__diff_k3_rep1_d0.5	Staphylococcus_aureus	0.5	1	6.42	7.88	14.3	511737856	completed	work/strainge_rerun/runs/simulation/Staphylococcus_aureus__diff_k3_rep1_d0.5	4.18	4.39	8.57
simulation	single	Staphylococcus_aureus__diff_k3_rep1_d1	Staphylococcus_aureus	1	1	7.56	7.18	14.739999999999998	620363776	completed	work/strainge_rerun/runs/simulation/Staphylococcus_aureus__diff_k3_rep1_d1	4.86	4.44	9.3
simulation	single	Staphylococcus_aureus__diff_k3_rep1_d3	Staphylococcus_aureus	3	1	7.48	4.92	12.4	919224320	completed	work/strainge_rerun/runs/simulation/Staphylococcus_aureus__diff_k3_rep1_d3	5.8500000000000005	3.67	9.52
simulation	single	Staphylococcus_aureus__diff_k3_rep1_d5	Staphylococcus_aureus	5	1	10.62	7.28	17.9	1184940032	completed	work/strainge_rerun/runs/simulation/Staphylococcus_aureus__diff_k3_rep1_d5	8.850000000000001	4.91	13.760000000000002
simulation	single	Staphylococcus_aureus__diff_k3_rep1_d10	Staphylococcus_aureus	10	1	18.07	6.73	24.8	1961771008	completed	work/strainge_rerun/runs/simulation/Staphylococcus_aureus__diff_k3_rep1_d10	15.56	5.18	20.740000000000002
simulation	single	Staphylococcus_aureus__diff_k5_rep1_d0.5	Staphylococcus_aureus	0.5	1	6.32	6.06	12.379999999999999	568082432	completed	work/strainge_rerun/runs/simulation/Staphylococcus_aureus__diff_k5_rep1_d0.5	4.58	4.52	9.1
simulation	single	Staphylococcus_aureus__diff_k5_rep1_d1	Staphylococcus_aureus	1	1	7.97	6.15	14.120000000000001	741605376	completed	work/strainge_rerun/runs/simulation/Staphylococcus_aureus__diff_k5_rep1_d1	5.79	4.7	10.49
simulation	single	Staphylococcus_aureus__diff_k5_rep1_d3	Staphylococcus_aureus	3	1	11.0	6.56	17.56	1142603776	completed	work/strainge_rerun/runs/simulation/Staphylococcus_aureus__diff_k5_rep1_d3	9.58	4.9799999999999995	14.559999999999999
simulation	single	Staphylococcus_aureus__diff_k5_rep1_d5	Staphylococcus_aureus	5	1	15.5	7.88	23.38	1703362560	completed	work/strainge_rerun/runs/simulation/Staphylococcus_aureus__diff_k5_rep1_d5	13.55	5.03	18.580000000000002
simulation	single	Staphylococcus_aureus__diff_k5_rep1_d10	Staphylococcus_aureus	10	1	24.39	6.88	31.27	2250440704	completed	work/strainge_rerun/runs/simulation/Staphylococcus_aureus__diff_k5_rep1_d10	21.849999999999998	5.449999999999999	27.299999999999997
simulation	single	Staphylococcus_epidermidis__diff_k2_rep1_d0.5	Staphylococcus_epidermidis	0.5	1	5.2	5.45	10.65	444039168	completed	work/strainge_rerun/runs/simulation/Staphylococcus_epidermidis__diff_k2_rep1_d0.5	3.92	3.96	7.88
simulation	single	Staphylococcus_epidermidis__diff_k2_rep1_d1	Staphylococcus_epidermidis	1	1	5.68	5.5	11.18	504053760	completed	work/strainge_rerun/runs/simulation/Staphylococcus_epidermidis__diff_k2_rep1_d1	4.42	4.2	8.620000000000001
simulation	single	Staphylococcus_epidermidis__diff_k2_rep1_d3	Staphylococcus_epidermidis	3	1	7.71	6.23	13.940000000000001	687718400	completed	work/strainge_rerun/runs/simulation/Staphylococcus_epidermidis__diff_k2_rep1_d3	5.93	4.35	10.28
simulation	single	Staphylococcus_epidermidis__diff_k2_rep1_d5	Staphylococcus_epidermidis	5	1	9.67	5.97	15.64	855834624	completed	work/strainge_rerun/runs/simulation/Staphylococcus_epidermidis__diff_k2_rep1_d5	7.34	4.34	11.68
simulation	single	Staphylococcus_epidermidis__diff_k2_rep1_d10	Staphylococcus_epidermidis	10	1	12.5	5.86	18.36	1316208640	completed	work/strainge_rerun/runs/simulation/Staphylococcus_epidermidis__diff_k2_rep1_d10	10.42	4.48	14.9
simulation	single	Staphylococcus_epidermidis__diff_k3_rep1_d0.5	Staphylococcus_epidermidis	0.5	1	5.64	5.58	11.219999999999999	450412544	completed	work/strainge_rerun/runs/simulation/Staphylococcus_epidermidis__diff_k3_rep1_d0.5	4.09	4.18	8.27
simulation	single	Staphylococcus_epidermidis__diff_k3_rep1_d1	Staphylococcus_epidermidis	1	1	9.44	6.13	15.57	565673984	completed	work/strainge_rerun/runs/simulation/Staphylococcus_epidermidis__diff_k3_rep1_d1	4.890000000000001	4.25	9.14
simulation	single	Staphylococcus_epidermidis__diff_k3_rep1_d3	Staphylococcus_epidermidis	3	1	8.61	6.58	15.19	838582272	completed	work/strainge_rerun/runs/simulation/Staphylococcus_epidermidis__diff_k3_rep1_d3	6.869999999999999	4.46	11.329999999999998
simulation	single	Staphylococcus_epidermidis__diff_k3_rep1_d5	Staphylococcus_epidermidis	5	1	10.88	6.18	17.060000000000002	1047199744	completed	work/strainge_rerun/runs/simulation/Staphylococcus_epidermidis__diff_k3_rep1_d5	8.64	4.45	13.09
simulation	single	Staphylococcus_epidermidis__diff_k3_rep1_d10	Staphylococcus_epidermidis	10	1	15.62	6.13	21.75	1707491328	completed	work/strainge_rerun/runs/simulation/Staphylococcus_epidermidis__diff_k3_rep1_d10	13.75	4.64	18.39
simulation	single	Staphylococcus_epidermidis__diff_k5_rep1_d0.5	Staphylococcus_epidermidis	0.5	1	6.37	6.19	12.56	549306368	completed	work/strainge_rerun/runs/simulation/Staphylococcus_epidermidis__diff_k5_rep1_d0.5	4.64	4.32	8.96
simulation	single	Staphylococcus_epidermidis__diff_k5_rep1_d1	Staphylococcus_epidermidis	1	1	7.38	5.56	12.94	682246144	completed	work/strainge_rerun/runs/simulation/Staphylococcus_epidermidis__diff_k5_rep1_d1	5.53	4.0600000000000005	9.59
simulation	single	Staphylococcus_epidermidis__diff_k5_rep1_d3	Staphylococcus_epidermidis	3	1	10.29	6.09	16.38	1014890496	completed	work/strainge_rerun/runs/simulation/Staphylococcus_epidermidis__diff_k5_rep1_d3	8.75	4.49	13.24
simulation	single	Staphylococcus_epidermidis__diff_k5_rep1_d5	Staphylococcus_epidermidis	5	1	13.56	5.94	19.5	1546125312	completed	work/strainge_rerun/runs/simulation/Staphylococcus_epidermidis__diff_k5_rep1_d5	11.9	4.53	16.43
simulation	single	Staphylococcus_epidermidis__diff_k5_rep1_d10	Staphylococcus_epidermidis	10	1	22.0	6.48	28.48	2484682752	completed	work/strainge_rerun/runs/simulation/Staphylococcus_epidermidis__diff_k5_rep1_d10	20.06	4.91	24.97
simulation	single	Streptococcus_pneumoniae__diff_k2_rep1_d0.5	Streptococcus_pneumoniae	0.5	1	5.02	7.87	12.89	1040924672	completed	work/strainge_rerun/runs/simulation/Streptococcus_pneumoniae__diff_k2_rep1_d0.5	3.77	6.5600000000000005	10.33
simulation	single	Streptococcus_pneumoniae__diff_k2_rep1_d1	Streptococcus_pneumoniae	1	1	5.2	8.55	13.75	736821248	completed	work/strainge_rerun/runs/simulation/Streptococcus_pneumoniae__diff_k2_rep1_d1	3.95	6.59	10.54
simulation	single	Streptococcus_pneumoniae__diff_k2_rep1_d3	Streptococcus_pneumoniae	3	1	7.57	8.41	15.98	1031929856	completed	work/strainge_rerun/runs/simulation/Streptococcus_pneumoniae__diff_k2_rep1_d3	5.279999999999999	6.8100000000000005	12.09
simulation	single	Streptococcus_pneumoniae__diff_k2_rep1_d5	Streptococcus_pneumoniae	5	1	8.09	9.13	17.22	1191591936	completed	work/strainge_rerun/runs/simulation/Streptococcus_pneumoniae__diff_k2_rep1_d5	6.6000000000000005	7.0	13.600000000000001
simulation	single	Streptococcus_pneumoniae__diff_k2_rep1_d10	Streptococcus_pneumoniae	10	1	11.72	8.8	20.520000000000003	1260191744	completed	work/strainge_rerun/runs/simulation/Streptococcus_pneumoniae__diff_k2_rep1_d10	9.27	7.07	16.34
simulation	single	Streptococcus_pneumoniae__diff_k3_rep1_d0.5	Streptococcus_pneumoniae	0.5	1	6.07	9.37	15.44	1026457600	completed	work/strainge_rerun/runs/simulation/Streptococcus_pneumoniae__diff_k3_rep1_d0.5	3.71	6.16	9.870000000000001
simulation	single	Streptococcus_pneumoniae__diff_k3_rep1_d1	Streptococcus_pneumoniae	1	1	8.09	9.04	17.13	1038516224	completed	work/strainge_rerun/runs/simulation/Streptococcus_pneumoniae__diff_k3_rep1_d1	4.38	6.51	10.89
simulation	single	Streptococcus_pneumoniae__diff_k3_rep1_d3	Streptococcus_pneumoniae	3	1	9.31	9.5	18.810000000000002	1169326080	completed	work/strainge_rerun/runs/simulation/Streptococcus_pneumoniae__diff_k3_rep1_d3	6.17	6.68	12.85
simulation	single	Streptococcus_pneumoniae__diff_k3_rep1_d5	Streptococcus_pneumoniae	5	1	9.97	9.28	19.25	1208762368	completed	work/strainge_rerun/runs/simulation/Streptococcus_pneumoniae__diff_k3_rep1_d5	7.56	6.56	14.12
simulation	single	Streptococcus_pneumoniae__diff_k3_rep1_d10	Streptococcus_pneumoniae	10	1	14.89	10.61	25.5	1486553088	completed	work/strainge_rerun/runs/simulation/Streptococcus_pneumoniae__diff_k3_rep1_d10	11.450000000000001	6.76	18.21
simulation	single	Streptococcus_pneumoniae__diff_k5_rep1_d0.5	Streptococcus_pneumoniae	0.5	1	6.74	11.07	17.810000000000002	1053638656	completed	work/strainge_rerun/runs/simulation/Streptococcus_pneumoniae__diff_k5_rep1_d0.5	4.1	6.460000000000001	10.56
simulation	single	Streptococcus_pneumoniae__diff_k5_rep1_d1	Streptococcus_pneumoniae	1	1	6.92	9.71	16.630000000000003	1055555584	completed	work/strainge_rerun/runs/simulation/Streptococcus_pneumoniae__diff_k5_rep1_d1	4.92	6.640000000000001	11.56
simulation	single	Streptococcus_pneumoniae__diff_k5_rep1_d3	Streptococcus_pneumoniae	3	1	10.14	10.29	20.43	1253195776	completed	work/strainge_rerun/runs/simulation/Streptococcus_pneumoniae__diff_k5_rep1_d3	7.74	6.89	14.629999999999999
simulation	single	Streptococcus_pneumoniae__diff_k5_rep1_d5	Streptococcus_pneumoniae	5	1	16.22	12.17	28.39	1344159744	completed	work/strainge_rerun/runs/simulation/Streptococcus_pneumoniae__diff_k5_rep1_d5	10.32	7.02	17.34
simulation	single	Streptococcus_pneumoniae__diff_k5_rep1_d10	Streptococcus_pneumoniae	10	1	19.3	6.85	26.15	2113470464	completed	work/strainge_rerun/runs/simulation/Streptococcus_pneumoniae__diff_k5_rep1_d10	16.43	5.5600000000000005	21.990000000000002
simulation	multi	depth_low_sample01	multi	low	15	18.84	133.0	151.84	2738601984	completed	work/strainge_rerun/runs/simulation/depth_low_sample01	16.29	104.69	120.97999999999999
simulation	multi	depth_low_sample02	multi	low	15	23.07	142.42	165.48999999999998	3402219520	completed	work/strainge_rerun/runs/simulation/depth_low_sample02	20.42	111.58	132.0
simulation	multi	depth_low_sample03	multi	low	15	19.83	142.35	162.18	2922971136	completed	work/strainge_rerun/runs/simulation/depth_low_sample03	17.720000000000002	106.12	123.84
simulation	multi	depth_low_sample04	multi	low	15	25.16	171.89000000000001	197.05	2924019712	completed	work/strainge_rerun/runs/simulation/depth_low_sample04	20.35	101.4	121.75
simulation	multi	depth_med_sample01	multi	med	15	57.85	156.41	214.26	7396179968	completed	work/strainge_rerun/runs/simulation/depth_med_sample01	53.39	125.78	179.17000000000002
simulation	multi	depth_med_sample02	multi	med	15	65.21	167.81	233.01999999999998	7370309632	completed	work/strainge_rerun/runs/simulation/depth_med_sample02	60.849999999999994	140.93	201.78
simulation	multi	depth_med_sample03	multi	med	15	84.12	185.55	269.67	8401502208	completed	work/strainge_rerun/runs/simulation/depth_med_sample03	76.61	151.96	228.57
simulation	multi	depth_med_sample04	multi	med	15	68.07	172.86	240.93	8395784192	completed	work/strainge_rerun/runs/simulation/depth_med_sample04	64.60000000000001	146.11	210.71000000000004
simulation	multi	depth_high_sample01	multi	high	15	146.36	225.16	371.52	11532533760	completed	work/strainge_rerun/runs/simulation/depth_high_sample01	138.85	190.43	329.28
simulation	multi	depth_high_sample02	multi	high	15	125.57	210.84	336.40999999999997	10522132480	completed	work/strainge_rerun/runs/simulation/depth_high_sample02	117.49000000000001	181.63	299.12
simulation	multi	depth_high_sample03	multi	high	15	112.05	197.89000000000001	309.94	9049866240	completed	work/strainge_rerun/runs/simulation/depth_high_sample03	104.84	170.84	275.68
simulation	multi	depth_high_sample04	multi	high	15	132.87	230.72	363.59000000000003	10887839744	completed	work/strainge_rerun/runs/simulation/depth_high_sample04	123.65	187.54	311.19
