species	n	precision	recall	f1	bray_curtis_similarity	l2_similarity
Akkermansia_muciniphila	15	1.0	1.0	1.0	0.9826152993888037	0.9755222876169408
Clostridioides_difficile	15	1.0	1.0	1.0	0.8780364029192679	0.8739161228833787
Cutibacterium_acnes	15	1.0	1.0	1.0	0.9095784227644288	0.8865433597622702
Escherichia_coli	15	1.0	1.0	1.0	0.7929577111306312	0.7524065667917937
Fusobacterium_nucleatum	15	1.0	1.0	1.0	0.8892970683880989	0.8567197297781517
Klebsiella_pneumoniae	15	1.0	1.0	1.0	0.7353795049020011	0.6618581264988284
Lactiplantibacillus_plantarum	15	1.0	1.0	1.0	0.9376947230065232	0.9145309123534298
Mycobacterium_tuberculosis	15	1.0	1.0	1.0	1.0	1.0
Phocaeicola_dorei	15	1.0	1.0	1.0	0.9447538860103627	0.9230939933809067
Porphyromonas_gingivalis	15	1.0	1.0	1.0	0.9355608686495794	0.9210586146099343
Prevotella_copri	15	1.0	1.0	1.0	0.9295362620761912	0.9029001136880566
Salmonella_enterica	15	1.0	1.0	1.0	0.8669336301894128	0.8118157351181138
Staphylococcus_aureus	15	1.0	1.0	1.0	0.906194450233539	0.8847959556811231
Staphylococcus_epidermidis	15	0.6666666666666666	1.0	0.8	0.6502737343053867	0.5054123719365815
Streptococcus_pneumoniae	15	1.0	1.0	1.0	0.9292375178668244	0.9172930742878918
multi	12	0.9009661835748792	1.0	0.9406873614190687	0.8117459738822717	0.8727619227077781
