sample	Gemella_haemolysans_B	Gemella_sanguinis	Lautropia_mirabilis	Neisseria_flavescens_B	Neisseria_mucosa	Prevotella_histicola	Prevotella_melaninogenica	Rothia_aeria	Rothia_dentocariosa	Streptococcus_mutans	Streptococcus_oralis	Streptococcus_parasanguinis_B	Streptococcus_pneumoniae_D	Streptococcus_pseudopneumoniae_O	Streptococcus_salivarius	Streptococcus_sanguinis	Streptococcus_sobrinus	Veillonella_atypica
S_0313206	3.71	17.42	6.01	42.05	83.33	0.0	0.0	0.0	0.0	0.0	1.72	0.0	1.07	3.07	8.9	0.0	0.0	0.0
S_0313207	0.0	0.0	22.4	9.35	0.0	0.0	0.0	0.0	0.0	0.04	4.15	0.0	2.78	4.74	9.37	5.08	0.06	0.0
S_0313216	0.0	11.92	20.48	12.64	0.0	1.43	0.0	0.0	0.0	0.0	4.5	0.0	1.92	2.28	2.01	0.0	0.0	4.25
S_0313218	2.86	0.0	2.33	18.1	0.0	0.0	0.0	0.0	0.0	0.6	3.52	0.0	2.62	4.98	10.36	1.09	0.0	0.0
S_0313222	6.47	0.0	4.8	9.76	0.0	8.34	0.0	0.0	0.0	0.01	3.81	0.0	1.08	1.36	4.4	1.51	0.0	8.41
S_1211209	27.47	3.49	0.0	16.54	0.0	0.74	0.0	0.0	0.0	0.53	9.08	0.0	5.73	13.04	3.42	0.0	0.0	1.26
S_1211212	0.0	0.0	7.1	2.97	0.0	0.0	0.0	0.0	0.0	0.1	5.69	0.0	2.85	10.4	29.72	3.19	0.51	0.0
S_1212203	41.98	3.99	13.13	24.43	0.0	3.92	0.0	0.0	0.0	0.44	8.66	0.0	2.91	12.22	7.88	7.08	0.0	7.87
S_1213209	0.21	9.02	0.0	28.65	15.09	0.9	0.0	0.0	0.77	0.0	0.62	3.01	0.18	0.81	10.22	5.32	0.0	13.38
S_1213211	27.09	17.12	22.86	6.55	27.68	3.57	8.63	17.72	7.89	0.0	6.06	16.7	4.62	8.78	7.4	12.64	0.0	11.7
S_1213218	3.88	25.97	26.73	2.82	66.5	9.14	0.0	12.49	8.87	8.63	5.28	0.0	2.57	9.06	32.15	9.35	0.0	35.3
S_1311202	5.16	15.12	0.0	24.22	0.0	20.67	0.0	0.0	4.14	0.89	0.0	0.0	2.21	5.33	4.95	24.43	0.0	20.96
S_1313202	1.52	12.29	0.0	2.34	0.0	0.0	0.0	0.0	0.83	0.04	5.32	0.0	1.91	1.1	115.1	9.34	0.04	0.0
S_1313218	8.98	0.0	0.0	7.29	0.0	0.0	0.0	0.0	0.0	0.09	14.3	0.0	1.5	1.78	2.5	0.0	0.0	0.0
S_1313221	11.85	8.55	5.69	3.3	0.0	4.75	3.07	0.0	2.29	1.34	5.3	0.0	3.57	11.44	2.8	11.33	0.0	5.14
S_1313223	2.93	0.0	10.05	2.8	67.02	0.0	0.0	0.0	0.0	0.05	5.13	0.0	1.02	0.83	120.77	13.85	0.0	0.0
S_1313229	11.19	11.28	10.37	6.76	0.0	0.0	0.0	0.0	0.0	0.0	5.06	0.0	0.91	0.7	14.67	9.27	0.0	0.0
S_1411224	0.0	0.0	0.0	10.87	0.0	0.57	0.0	0.0	0.0	5.62	9.15	0.0	1.52	7.07	7.98	0.0	0.0	4.08
S_1413216	27.98	10.01	9.71	9.43	0.0	7.28	0.0	0.0	0.0	0.22	13.16	0.0	8.76	33.88	20.67	3.01	0.0	5.51
S_1413221	0.0	8.17	14.63	3.79	0.0	1.43	0.0	0.0	0.0	0.04	14.87	0.0	0.0	19.34	6.32	2.36	0.0	6.95
S_1413229	8.51	6.71	17.93	9.74	0.0	1.51	0.0	0.0	0.0	0.19	6.25	0.0	3.53	13.95	6.96	3.39	0.04	2.05
S_1413230	0.0	0.0	0.0	8.65	0.0	0.0	0.0	0.0	0.0	0.62	9.63	0.0	5.08	6.46	20.87	0.0	0.57	0.0
S_1413231	22.91	7.65	9.78	6.6	0.0	13.7	0.0	0.0	0.0	0.95	10.7	0.0	6.04	9.76	8.06	6.36	1.77	6.42
S_1413233	8.65	0.0	9.71	13.41	50.17	0.0	0.0	0.0	0.0	0.12	4.82	0.0	1.45	9.64	17.0	2.99	0.45	0.0
S_8123202	0.0	0.0	1.29	3.85	0.0	0.0	0.0	0.0	0.0	0.71	6.64	0.0	3.55	8.61	31.61	1.16	0.0	0.0
S_8123213	3.84	0.0	9.69	29.79	0.0	0.0	0.0	0.0	0.0	0.41	11.61	0.0	4.15	5.5	14.82	0.0	1.04	0.0
S_8123214	2.35	6.7	0.0	4.69	8.34	0.72	0.0	0.0	0.0	0.06	3.19	0.0	0.82	3.21	4.69	10.4	0.0	0.0
S_8123218	4.93	9.02	7.4	5.33	0.0	59.33	0.0	2.79	5.56	0.0	10.74	0.0	2.66	8.91	35.35	7.95	0.0	40.06
S_8123220	2.82	13.47	46.3	3.58	194.47	0.0	0.0	0.0	0.0	2.85	0.0	0.0	1.32	0.49	19.62	49.08	0.07	29.29
S_8123225	2.16	10.87	113.89	3.63	26.14	1.57	2.74	22.37	13.63	0.0	2.92	3.98	0.75	0.41	9.55	10.39	0.0	5.7
S_8123226	2.42	0.0	0.0	2.59	0.0	0.0	0.0	0.0	0.0	0.16	5.15	0.0	1.01	1.5	17.13	4.82	0.0	0.0
S_8123227	15.57	0.0	0.0	7.17	0.0	0.0	0.0	0.0	0.0	4.15	12.49	0.0	4.64	14.02	0.0	2.55	0.48	0.0
S_8221213	8.91	7.62	0.0	18.09	0.0	0.0	0.0	0.0	0.0	11.19	3.87	0.0	2.42	11.39	0.0	20.4	0.0	0.0
S_8221222	0.0	0.0	0.0	7.05	38.25	4.15	0.0	0.0	0.0	0.03	3.2	0.0	2.15	10.66	10.49	3.84	0.0	4.84
S_8221227	0.0	0.0	5.98	7.07	0.0	0.0	0.0	0.0	0.0	0.09	3.93	0.0	3.61	12.57	22.84	1.54	0.0	0.0
S_8221231	11.97	21.57	32.77	5.78	46.52	31.67	0.0	8.0	1.58	0.0	2.57	0.0	1.98	3.42	16.06	11.64	0.0	32.39
S_8221232	2.66	0.0	0.0	20.6	0.0	3.19	0.0	0.0	0.0	0.34	8.84	0.0	1.92	4.26	1.12	0.0	0.0	0.0
S_8222219	2.97	68.95	2.03	5.1	19.53	29.12	0.0	3.94	5.95	0.11	2.5	0.0	1.16	2.11	28.81	0.86	0.0	34.39
