gtdb_species	kraken_entries	n_genomes
s__Rothia_mucilaginosa	13	13
s__Rothia_mucilaginosa_B	13	13
s__Streptococcus_salivarius	49	49
s__Prevotella_melaninogenica	31	31
s__Neisseria_subflava_C	8	8
s__Streptococcus_sanguinis	45	45
s__Rothia_aeria	3	3
s__Neisseria_subflava_A	8	8
s__Neisseria_mucosa	2	2
s__Streptococcus_pneumoniae_D	314	314
s__Streptococcus_pseudopneumoniae_O	2	2
s__Prevotella_histicola	2	2
s__Streptococcus_parasanguinis_B	6	6
s__Veillonella_atypica	1	1
s__Streptococcus_mitis_BQ	22	22
s__Neisseria_subflava	8	8
s__Neisseria_flavescens_B	1	1
s__Lautropia_mirabilis	2	2
s__Gemella_sanguinis	1	1
s__Streptococcus_mitis_BB	22	22
s__Streptococcus_mitis	22	22
s__Rothia_dentocariosa	7	7
s__Streptococcus_oralis	30	30
s__Gemella_haemolysans_B	3	3
s__Streptococcus_mitis_O	22	22
s__Streptococcus_mutans	37	37
s__Streptococcus_sobrinus	6	6
