#genome	cluster
Acinetobacter_baumannii__ATCC_Acinetobacter_baumannii_ATCC_17978	C0
Acinetobacter_baumannii__GCF_000695855.3	C1
Acinetobacter_baumannii__GCF_000746605.1	C2
Acinetobacter_baumannii__GCF_000746645.1	C3
Acinetobacter_baumannii__GCF_000761175.1	C4
Acinetobacter_baumannii__GCF_009035845.1	C5
Acinetobacter_johnsonii__ATCC_Acinetobacter_johnsonii_ATCC_17909	C6
Acinetobacter_johnsonii__GCF_000162055.1	C7
Acinetobacter_johnsonii__GCF_000368805.1	C8
Acinetobacter_johnsonii__GCF_021496325.1	C9
Acinetobacter_johnsonii__GCF_024807495.1	C10
Acinetobacter_johnsonii__GCF_037151875.1	C11
Bacillus_pacificus__ATCC_Bacillus_pacificus_ATCC_10987	C12
Bacillus_pacificus__GCF_009884315.1	C13
Bacillus_pacificus__GCF_020861345.1	C14
Bacillus_pacificus__GCF_024205385.1	C15
Bacillus_pacificus__GCF_029027925.1	C16
Bacillus_pacificus__GCF_035666115.1	C17
Bifidobacterium_adolescentis__ATCC_Bifidobacterium_adolescentis_ATCC_15703	C18
Bifidobacterium_adolescentis__GCF_039830185.1	C19
Bifidobacterium_adolescentis__GCF_056667585.1	C20
Bifidobacterium_adolescentis__GCF_056668975.1	C21
Bifidobacterium_adolescentis__GCF_056673865.1	C22
Bifidobacterium_adolescentis__GCF_056673885.1	C23
Cereibacter_sphaeroides__ATCC_Cereibacter_sphaeroides_ATCC_17029	C24
Cereibacter_sphaeroides__GCF_001576595.1	C25
Cereibacter_sphaeroides__GCF_002706325.1	C25
Cereibacter_sphaeroides__GCF_049434525.1	C25
Cereibacter_sphaeroides__GCF_052246835.1	C26
Cereibacter_sphaeroides__GCF_059009145.1	C27
Clostridium_beijerinckii__ATCC_Clostridium_beijerinckii_ATCC_35702	C28
Clostridium_beijerinckii__GCF_000016965.1	C28
Clostridium_beijerinckii__GCF_000767745.1	C28
Clostridium_beijerinckii__GCF_013294165.1	C28
Clostridium_beijerinckii__GCF_013294245.1	C28
Clostridium_beijerinckii__GCF_018140595.1	C28
Corynebacterium_striatum__ATCC_Corynebacterium_striatum_ATCC_6940	C29
Corynebacterium_striatum__GCF_001053435.1	C30
Corynebacterium_striatum__GCF_001055405.1	C31
Corynebacterium_striatum__GCF_001058455.1	C32
Corynebacterium_striatum__GCF_001059665.1	C33
Corynebacterium_striatum__GCF_008373895.1	C34
Cutibacterium_acnes__ATCC_Cutibacterium_acnes_ATCC_11828	C35
Cutibacterium_acnes__GCF_001281065.1	C35
Cutibacterium_acnes__GCF_001469565.1	C36
Cutibacterium_acnes__GCF_001469595.1	C37
Cutibacterium_acnes__GCF_001469615.1	C38
Cutibacterium_acnes__GCF_001469655.1	C39
Deinococcus_radiodurans__ATCC_Deinococcus_radiodurans_ATCC_BAA_816	C40
Deinococcus_radiodurans__GCF_001638825.1	C40
Deinococcus_radiodurans__GCF_020546705.1	C40
Deinococcus_radiodurans__GCF_020547085.1	C40
Deinococcus_radiodurans__GCF_045277105.1	C40
Deinococcus_radiodurans__GCF_919654025.1	C40
Enterococcus_faecalis__ATCC_Enterococcus_faecalis_ATCC_47077	C41
Enterococcus_faecalis__GCF_001598635.1	C42
Enterococcus_faecalis__GCF_001689055.2	C43
Enterococcus_faecalis__GCF_001989555.1	C44
Enterococcus_faecalis__GCF_002163735.1	C45
Enterococcus_faecalis__GCF_002208945.1	C46
Escherichia_coli__ATCC_Escherichia_coli_ATCC_700926	C47
Escherichia_coli__GCF_000597845.1	C48
Escherichia_coli__GCF_000599625.1	C48
Escherichia_coli__GCF_000599645.1	C48
Escherichia_coli__GCF_000599665.1	C49
Escherichia_coli__GCF_000599685.1	C49
Gardnerella_vaginalis__ATCC_Gardnerella_vaginalis_ATCC_14019	C50
Gardnerella_vaginalis__GCF_002861945.1	C51
Gardnerella_vaginalis__GCF_003397605.1	C52
Gardnerella_vaginalis__GCF_023277625.1	C53
Gardnerella_vaginalis__GCF_023277685.1	C54
Gardnerella_vaginalis__GCF_030233905.1	C55
Helicobacter_pylori__ATCC_Helicobacter_pylori_ATCC_700392	C56
Helicobacter_pylori__GCF_000827025.1	C56
Helicobacter_pylori__GCF_002906495.1	C56
Helicobacter_pylori__GCF_002906535.1	C56
Helicobacter_pylori__GCF_002906555.1	C56
Helicobacter_pylori__GCF_000685705.1	C57
Lactobacillus_gasseri__ATCC_Lactobacillus_gasseri_ATCC_33323	C58
Lactobacillus_gasseri__GCF_017638885.1	C59
Lactobacillus_gasseri__GCF_020991205.1	C60
Lactobacillus_gasseri__GCF_029010235.1	C61
Lactobacillus_gasseri__GCF_029011455.1	C62
Lactobacillus_gasseri__GCF_040819595.1	C63
Lactobacillus_jensenii__ATCC_Lactobacillus_jensenii_ATCC_25258	C64
Lactobacillus_jensenii__GCF_007785935.1	C65
Lactobacillus_jensenii__GCF_011714625.1	C65
Lactobacillus_jensenii__GCF_055451495.1	C65
Lactobacillus_jensenii__GCF_030211725.1	C66
Lactobacillus_jensenii__GCF_043000305.1	C67
Metamycoplasma_hominis__ATCC_Metamycoplasma_hominis_ATCC_23114	C68
Metamycoplasma_hominis__GCF_016809545.1	C69
Metamycoplasma_hominis__GCF_016809575.1	C69
Metamycoplasma_hominis__GCF_016809585.1	C69
Metamycoplasma_hominis__GCF_016809635.1	C70
Metamycoplasma_hominis__GCF_049914095.1	C71
Micrococcus_luteus__ATCC_Micrococcus_luteus_ATCC_4698	C72
Micrococcus_luteus__GCF_002276855.1	C73
Micrococcus_luteus__GCF_002863375.1	C74
Micrococcus_luteus__GCF_003691675.1	C75
Micrococcus_luteus__GCF_007677505.1	C76
Micrococcus_luteus__GCF_020217385.1	C77
Neisseria_meningitidis__ATCC_Neisseria_meningitidis_ATCC_BAA_335	C78
Neisseria_meningitidis__GCF_000626595.1	C79
Neisseria_meningitidis__GCF_000787195.2	C80
Neisseria_meningitidis__GCF_000800235.1	C81
Neisseria_meningitidis__GCF_000800315.1	C82
Neisseria_meningitidis__GCF_022869645.1	C83
Phocaeicola_vulgatus__ATCC_Phocaeicola_vulgatus_ATCC_8482	C84
Phocaeicola_vulgatus__GCF_008728395.1	C85
Phocaeicola_vulgatus__GCF_018289355.1	C86
Phocaeicola_vulgatus__GCF_020091465.1	C87
Phocaeicola_vulgatus__GCF_020885715.1	C88
Phocaeicola_vulgatus__GCF_020885775.1	C89
Porphyromonas_gingivalis__ATCC_Porphyromonas_gingivalis_ATCC_33277	C90
Porphyromonas_gingivalis__GCF_001263815.1	C91
Porphyromonas_gingivalis__GCF_002753935.1	C92
Porphyromonas_gingivalis__GCF_002753955.1	C93
Porphyromonas_gingivalis__GCF_002753975.1	C94
Porphyromonas_gingivalis__GCF_002754015.1	C95
Prevotella_bivia__ATCC_Prevotella_bivia_ATCC_29303	C96
Prevotella_bivia__GCF_055453515.1	C97
Prevotella_bivia__GCF_055453535.1	C97
Prevotella_bivia__GCF_055453555.1	C97
Prevotella_bivia__GCF_977089825.1	C98
Prevotella_bivia__GCF_977089855.1	C99
Pseudomonas_paraeruginosa__ATCC_Pseudomonas_paraeruginosa_ATCC_9027	C100
Pseudomonas_paraeruginosa__GCF_002968755.1	C101
Pseudomonas_paraeruginosa__GCF_003073695.1	C101
Pseudomonas_paraeruginosa__GCF_003025345.2	C102
Pseudomonas_paraeruginosa__GCF_006971785.1	C103
Pseudomonas_paraeruginosa__GCF_025908315.1	C104
Schaalia_odontolytica__ATCC_Schaalia_odontolytica_ATCC_17982	C105
Schaalia_odontolytica__GCF_000163415.1	C106
Schaalia_odontolytica__GCF_009730335.1	C106
Schaalia_odontolytica__GCF_916049885.1	C107
Schaalia_odontolytica__GCF_963525615.1	C108
Schaalia_odontolytica__GCF_963554195.1	C109
Staphylococcus_aureus__ATCC_Staphylococcus_aureus_ATCC_BAA_1556	C110
Staphylococcus_aureus__GCF_000695875.1	C110
Staphylococcus_aureus__GCF_000418345.1	C111
Staphylococcus_aureus__GCF_000597965.1	C112
Staphylococcus_aureus__GCF_000626615.2	C113
Staphylococcus_aureus__GCF_000695215.1	C114
Staphylococcus_epidermidis__ATCC_Staphylococcus_epidermidis_ATCC_12228	C115
Staphylococcus_epidermidis__GCF_000759555.1	C116
Staphylococcus_epidermidis__GCF_001956655.1	C117
Staphylococcus_epidermidis__GCF_002085695.1	C118
Staphylococcus_epidermidis__GCF_002215535.1	C119
Staphylococcus_epidermidis__GCF_006094375.1	C120
Streptococcus_agalactiae__ATCC_Streptococcus_agalactiae_ATCC_BAA_611	C121
Streptococcus_agalactiae__GCF_000730215.1	C122
Streptococcus_agalactiae__GCF_001266635.1	C123
Streptococcus_agalactiae__GCF_001729925.2	C124
Streptococcus_agalactiae__GCF_002025025.1	C125
Streptococcus_agalactiae__GCF_002197385.1	C126
Streptococcus_mitis__ATCC_Streptococcus_mitis_ATCC_49456	C127
Streptococcus_mitis__GCF_022137125.1	C128
Streptococcus_mutans__ATCC_Streptococcus_mutans_ATCC_700610	C129
Streptococcus_mutans__GCF_002995555.1	C130
Streptococcus_mutans__GCF_009738105.1	C131
Streptococcus_mutans__GCF_014621675.1	C132
Streptococcus_mutans__GCF_900636835.1	C133
Streptococcus_mutans__GCF_963265015.1	C134
