kind	mock	sample	tool	variant	TP	FP	FN	precision	recall	f1	aupr	bray_curtis	l2
2bRAD	MSA1002	BcgI_MSA1002_0_0.001ng_1	Strain2bScan	120	4	2	16	0.6667	0.2	0.3077	0.1212	0.7354	0.3906
2bRAD	MSA1002	BcgI_MSA1002_0_0.001ng_1	Strain2bScan	164	4	2	16	0.6667	0.2	0.3077	0.1087	0.7354	0.3908
2bRAD	MSA1002	BcgI_MSA1002_0_0.01ng_1	Strain2bScan	120	18	2	2	0.9	0.9	0.9	0.8975	0.3048	0.1609
2bRAD	MSA1002	BcgI_MSA1002_0_0.01ng_1	Strain2bScan	164	18	2	2	0.9	0.9	0.9	0.8975	0.3061	0.1626
2bRAD	MSA1002	BcgI_MSA1002_0_0.1ng_1	Strain2bScan	120	19	2	1	0.9048	0.95	0.9268	0.9476	0.3332	0.2067
2bRAD	MSA1002	BcgI_MSA1002_0_0.1ng_1	Strain2bScan	164	19	2	1	0.9048	0.95	0.9268	0.9476	0.3339	0.2069
2bRAD	MSA1002	BcgI_MSA1002_0_1ng_1	Strain2bScan	120	19	1	1	0.95	0.95	0.95	0.9487	0.3289	0.2103
2bRAD	MSA1002	BcgI_MSA1002_0_1ng_1	Strain2bScan	164	19	1	1	0.95	0.95	0.95	0.9487	0.3295	0.2104
2bRAD	MSA1002	BcgI_MSA1002_90_100ng_1	Strain2bScan	164	19	1	1	0.95	0.95	0.95	0.9487	0.2472	0.1587
2bRAD	MSA1002	BcgI_MSA1002_95_100ng_1	Strain2bScan	164	19	0	1	1.0	0.95	0.9744	0.95	0.2534	0.1702
2bRAD	MSA1002	BcgI_MSA1002_99.9_100ng_1	Strain2bScan	164	14	0	6	1.0	0.7	0.8235	0.7	0.7728	0.798
2bRAD	MSA1002	BcgI_MSA1002_99_100ng_1	Strain2bScan	164	19	0	1	1.0	0.95	0.9744	0.95	0.2576	0.1781
2bRAD	MSA1003	BcgI_MSA1003_0_100ng_1	Strain2bScan	120	19	0	1	1.0	0.95	0.9744	0.95	0.1047	0.1124
2bRAD	MSA1003	BcgI_MSA1003_0_100ng_1	Strain2bScan	164	19	6	1	0.76	0.95	0.8444	0.94	0.105	0.1123
2bRAD	MSA1003	BcgI_MSA1003_0_100ng_2	Strain2bScan	120	18	0	2	1.0	0.9	0.9474	0.9	0.093	0.0937
2bRAD	MSA1003	BcgI_MSA1003_0_100ng_2	Strain2bScan	164	18	4	2	0.8182	0.9	0.8571	0.8598	0.0933	0.0935
2bRAD	MSA1003	BcgI_MSA1003_0_100ng_3	Strain2bScan	120	19	0	1	1.0	0.95	0.9744	0.95	0.1043	0.1121
2bRAD	MSA1003	BcgI_MSA1003_0_100ng_3	Strain2bScan	164	19	4	1	0.8261	0.95	0.8837	0.9457	0.1045	0.112
2bRAD	MSA1005	BcgI_MSA1005_0_100ng_1	Strain2bScan	164	6	5	0	0.5455	1.0	0.7059	0.9621	0.1964	0.2232
2bRAD	MSA1005	BcgI_MSA1005_0_100ng_2	Strain2bScan	164	6	2	0	0.75	1.0	0.8571	0.9792	0.1739	0.202
2bRAD	MSA1005	BcgI_MSA1005_0_100ng_3	Strain2bScan	164	6	3	0	0.6667	1.0	0.8	0.9722	0.1786	0.2023
2bRAD	MSA1007	BcgI_MSA1007_0_100ng_1	Strain2bScan	164	5	7	1	0.4167	0.8333	0.5556	0.7847	0.186	0.204
2bRAD	MSA1007	BcgI_MSA1007_0_100ng_2	Strain2bScan	164	5	9	1	0.3571	0.8333	0.5	0.7798	0.1799	0.2026
2bRAD	MSA1007	BcgI_MSA1007_0_100ng_3	Strain2bScan	164	5	12	1	0.2941	0.8333	0.4348	0.7745	0.1832	0.2025
WMS	MSA1002	WMS_MSA1002_0_100ng_1	Strain2bScan	120	20	1	0	0.9524	1.0	0.9756	0.9988	0.2228	0.13
WMS	MSA1002	WMS_MSA1002_0_100ng_1	Strain2bScan	164	20	1	0	0.9524	1.0	0.9756	0.9988	0.2228	0.13
WMS	MSA1002	WMS_MSA1002_0_100ng_1	StrainScan	-	20	0	0	1.0	1.0	1.0	1.0	0.2169	0.1263
WMS	MSA1002	WMS_MSA1002_0_100ng_1	inStrain	derep98	19	0	1	1.0	0.95	0.9744	0.95	0.2129	0.1222
WMS	MSA1002	WMS_MSA1002_0_100ng_2	Strain2bScan	120	20	0	0	1.0	1.0	1.0	1.0	0.2168	0.1332
WMS	MSA1002	WMS_MSA1002_0_100ng_2	Strain2bScan	164	20	0	0	1.0	1.0	1.0	1.0	0.2168	0.1332
WMS	MSA1002	WMS_MSA1002_0_100ng_2	StrainScan	-	20	0	0	1.0	1.0	1.0	1.0	0.2123	0.1337
WMS	MSA1002	WMS_MSA1002_0_100ng_2	inStrain	derep98	20	0	0	1.0	1.0	1.0	1.0	0.1637	0.088
WMS	MSA1002	WMS_MSA1002_90_100ng_1	Strain2bScan	120	20	0	0	1.0	1.0	1.0	1.0	0.2228	0.1303
WMS	MSA1002	WMS_MSA1002_90_100ng_1	Strain2bScan	164	20	0	0	1.0	1.0	1.0	1.0	0.2228	0.1303
WMS	MSA1002	WMS_MSA1002_90_100ng_1	StrainScan	-	20	0	0	1.0	1.0	1.0	1.0	0.211	0.1296
WMS	MSA1002	WMS_MSA1002_90_100ng_1	inStrain	derep98	19	0	1	1.0	0.95	0.9744	0.95	0.2179	0.1124
WMS	MSA1002	WMS_MSA1002_95_100ng_1	Strain2bScan	120	20	0	0	1.0	1.0	1.0	1.0	0.2279	0.1337
WMS	MSA1002	WMS_MSA1002_95_100ng_1	Strain2bScan	164	20	0	0	1.0	1.0	1.0	1.0	0.2279	0.1338
WMS	MSA1002	WMS_MSA1002_95_100ng_1	StrainScan	-	20	0	0	1.0	1.0	1.0	1.0	0.1982	0.1155
WMS	MSA1002	WMS_MSA1002_95_100ng_1	inStrain	derep98	18	0	2	1.0	0.9	0.9474	0.9	0.2332	0.1278
WMS	MSA1002	WMS_MSA1002_99_100ng_1	Strain2bScan	120	20	0	0	1.0	1.0	1.0	1.0	0.3017	0.2277
WMS	MSA1002	WMS_MSA1002_99_100ng_1	Strain2bScan	164	20	0	0	1.0	1.0	1.0	1.0	0.3017	0.2277
WMS	MSA1002	WMS_MSA1002_99_100ng_1	StrainScan	-	20	0	0	1.0	1.0	1.0	1.0	0.9742	1.0038
WMS	MSA1002	WMS_MSA1002_99_100ng_1	inStrain	derep98	4	0	16	1.0	0.2	0.3333	0.2	0.822	0.4711
WMS	MSA1003	WMS_MSA1003_0_100ng_1	Strain2bScan	120	20	6	0	0.7692	1.0	0.8696	0.9583	0.2335	0.2341
WMS	MSA1003	WMS_MSA1003_0_100ng_1	Strain2bScan	164	20	14	0	0.5882	1.0	0.7407	0.9154	0.2343	0.2337
WMS	MSA1003	WMS_MSA1003_0_100ng_1	StrainScan	-	20	0	0	1.0	1.0	1.0	1.0	0.1332	0.119
WMS	MSA1003	WMS_MSA1003_0_100ng_1	inStrain	derep98	15	0	5	1.0	0.75	0.8571	0.75	0.0529	0.0507
WMS	MSA1003	WMS_MSA1003_0_100ng_2	Strain2bScan	120	20	3	0	0.8696	1.0	0.9302	0.9608	0.2276	0.2282
WMS	MSA1003	WMS_MSA1003_0_100ng_2	Strain2bScan	164	20	11	0	0.6452	1.0	0.7843	0.9552	0.2279	0.2281
WMS	MSA1003	WMS_MSA1003_0_100ng_2	StrainScan	-	20	8	0	0.7143	1.0	0.8333	0.9751	0.1324	0.1129
WMS	MSA1003	WMS_MSA1003_0_100ng_2	inStrain	derep98	15	0	5	1.0	0.75	0.8571	0.75	0.0451	0.0445
WMS	MSA1003	WMS_MSA1003_0_100ng_3	Strain2bScan	120	20	2	0	0.9091	1.0	0.9524	0.9618	0.229	0.2299
WMS	MSA1003	WMS_MSA1003_0_100ng_3	Strain2bScan	164	20	10	0	0.6667	1.0	0.8	0.9557	0.2293	0.2297
WMS	MSA1003	WMS_MSA1003_0_100ng_3	StrainScan	-	20	8	0	0.7143	1.0	0.8333	0.9731	0.1329	0.1142
WMS	MSA1003	WMS_MSA1003_0_100ng_3	inStrain	derep98	15	0	5	1.0	0.75	0.8571	0.75	0.047	0.0459
WMS	MSA1005	WMS_MSA1005_0_100ng_1	Strain2bScan	164	6	14	0	0.3	1.0	0.4615	0.9417	0.3183	0.3427
WMS	MSA1005	WMS_MSA1005_0_100ng_1	StrainScan	-	6	0	0	1.0	1.0	1.0	1.0	0.2159	0.2174
WMS	MSA1005	WMS_MSA1005_0_100ng_1	inStrain	derep164	5	4	1	0.5556	0.8333	0.6667	0.7963	0.2057	0.2062
WMS	MSA1005	WMS_MSA1005_0_100ng_2	Strain2bScan	164	6	13	0	0.3158	1.0	0.48	0.943	0.3172	0.3407
WMS	MSA1005	WMS_MSA1005_0_100ng_2	StrainScan	-	6	0	0	1.0	1.0	1.0	1.0	0.2161	0.2165
WMS	MSA1005	WMS_MSA1005_0_100ng_2	inStrain	derep164	5	1	1	0.8333	0.8333	0.8333	0.8194	0.2051	0.2063
WMS	MSA1005	WMS_MSA1005_0_100ng_3	Strain2bScan	164	6	12	0	0.3333	1.0	0.5	0.9444	0.3165	0.3403
WMS	MSA1005	WMS_MSA1005_0_100ng_3	StrainScan	-	6	0	0	1.0	1.0	1.0	1.0	0.2153	0.216
WMS	MSA1005	WMS_MSA1005_0_100ng_3	inStrain	derep164	5	2	1	0.7143	0.8333	0.7692	0.8095	0.2047	0.2058
WMS	MSA1007	WMS_MSA1007_0_100ng_1	Strain2bScan	164	6	18	0	0.25	1.0	0.4	0.9375	0.1421	0.1382
WMS	MSA1007	WMS_MSA1007_0_100ng_1	StrainScan	-	6	0	0	1.0	1.0	1.0	1.0	0.0922	0.1082
WMS	MSA1007	WMS_MSA1007_0_100ng_1	inStrain	derep164	6	3	0	0.6667	1.0	0.8	0.9722	0.11	0.1142
WMS	MSA1007	WMS_MSA1007_0_100ng_2	Strain2bScan	164	6	21	0	0.2222	1.0	0.3636	0.9352	0.1546	0.1488
WMS	MSA1007	WMS_MSA1007_0_100ng_2	StrainScan	-	6	0	0	1.0	1.0	1.0	1.0	0.1105	0.1172
WMS	MSA1007	WMS_MSA1007_0_100ng_2	inStrain	derep164	6	4	0	0.6	1.0	0.75	0.9667	0.1245	0.1213
WMS	MSA1007	WMS_MSA1007_0_100ng_3	Strain2bScan	164	6	15	0	0.2857	1.0	0.4444	0.9405	0.1542	0.1482
WMS	MSA1007	WMS_MSA1007_0_100ng_3	StrainScan	-	6	0	0	1.0	1.0	1.0	1.0	0.1096	0.1175
WMS	MSA1007	WMS_MSA1007_0_100ng_3	inStrain	derep164	6	4	0	0.6	1.0	0.75	0.9667	0.1256	0.1225
