figure_number	sources	png	pdf	png_sha256	pdf_sha256
Fig01_overview	figures/overview.{png,pdf}	Fig01_overview.png	Fig01_overview.pdf	016c671b821dc6e4d341a3efef7d45861cb617585b7ffcd9b36684139cdf635c	8a07af02733047fe646f6a0bce43b7f5feaec9b5a8ae6c3677cecf445c1aeab6
Fig02_mash_2brad_vs_16s	figures/mash_2brad_vs_16s.{png,pdf}	Fig02_mash_2brad_vs_16s.png	Fig02_mash_2brad_vs_16s.pdf	a5e6c566dc2e317b2abe3e80a96f68cfa386031d4aae0cd2b709dee5d371d8e3	cb5c7776febc1629c414f2c7fa6034c767b95c031aeba27d344c4da9af4cd247
Fig03_cross_species+depth_sensitivity	figures/cross_species.{png,pdf} + figures/depth_sensitivity.{png,pdf} (combined)	Fig03_cross_species+depth_sensitivity.png	Fig03_cross_species+depth_sensitivity.pdf	5a5e8bdc3e255a8e02745d2225c4eb4ce485ae79cb2480d68b71eb0efccfb904	b48051d528e06013342fa00880a83b3ad877280e792ac94450f1eb768782224f
Fig04_containment_mechanism+refqual_figure	figures/containment_mechanism.{png,pdf} + figures/refqual_figure.{png,pdf} (combined)	Fig04_containment_mechanism+refqual_figure.png	Fig04_containment_mechanism+refqual_figure.pdf	6ea23b83529ff16e82b20f7fce71ec979ad1bcde258135f3aea42d245b54dc4d	0a92f1c802a1b3d28b64a5dc6ce05283b9c2d37aafbf103774b95c8024684799
Fig05_enzyme_sweep	figures/enzyme_sweep.{png,pdf}	Fig05_enzyme_sweep.png	Fig05_enzyme_sweep.pdf	abbedbd982880b1fbf57ab61e8442d4f18acf020825e1f15066120f41b59f44a	ba5b2f1d15a0c89b7d9621c8624acc4e0de510979b4f6a7775ccdd43b6f4e6e3
Fig06_native_2brad_mocks	figures/fig6_2brad.{png,pdf}	Fig06_native_2brad_mocks.png	Fig06_native_2brad_mocks.pdf	70be62592f9ad8c9ac106f565bed921df2351cb5cb58daab0423b8d2b11bcc4a	d789e7aa937bfe203da94f733f8fe489b3ac1d026a4295df9af4f2f818125bc3
Fig07_saliva_individual_discrimination+saliva_temporal_ml	figures/saliva_individual_discrimination.{png,pdf} + figures/saliva_temporal_ml.{png,pdf} (corrected sample_fraction; combined 2026-10-02)	Fig07_saliva_individual_discrimination+saliva_temporal_ml.png	Fig07_saliva_individual_discrimination+saliva_temporal_ml.pdf	5eca33aaa911906baaa9000b759eecb020bbc23cb4a0bc77c8a741a19e542596	964bf65cab8fc21ffd695c8f86ca33830039316d68baba5a005addc50ce3d562
Fig08_saliva_concordance	figures/saliva_concordance.{png,pdf}	Fig08_saliva_concordance.png	Fig08_saliva_concordance.pdf	cad1e2f84934958365aaf81e6a9d99a56b32707edeeb68a103ff3feccb0b22e5	dc3a99a4df6c3766512d2d6c687bf0bcbb022bd265e1d233a5f053986feb6814
Fig09_performance+scalability+community_throughput	figures/performance.{png,pdf} + figures/scalability.{png,pdf} + figures/community_throughput.{png,pdf} (combined)	Fig09_performance+scalability+community_throughput.png	Fig09_performance+scalability+community_throughput.pdf	7e93804910b3fa1e2f842c1f2ad5cd330924672bdefb2165342b1efe71b00764	039c71b187bed04fb446b45efdbf80b5ce24f9955330726c6e9fcf8ff450a24f
Fig10_species_expansion_strainscan	figures/species_expansion.{png,pdf}	Fig10_species_expansion_strainscan.png	Fig10_species_expansion_strainscan.pdf	002c869882084a9c8f784c1b742de1c950a2892085f2305da8f37996c931a861	a8768ae43e0a664eff951d615ab71c0f502bc9936a381b2f2bb68db5e367f6d8
Fig11_sim_headtohead	figures/sim_headtohead.{png,pdf}	Fig11_sim_headtohead.png	Fig11_sim_headtohead.pdf	ec8ecb5964e21f89d8376d34bfeafcd8db715b9f349eb1acb686638104b24e88	efac0642fc6957a4a9ca1d8ecb6c0f2a414ac2062f20043451467ef69ab1e776
Fig12_wms_toolcompare	figures/fig12_wms_toolcompare.{png,pdf}	Fig12_wms_toolcompare.png	Fig12_wms_toolcompare.pdf	89fbb367819f52872d21965c94379ec87beee3aaafc9b49c6727077857ba4d65	276a9b4b1c00b837dd582ee0c53609e5696511a7f4c76572c69882484bd95a70
FigS1_mock_msa1002_titration	figures/mock_msa1002_titration.{png,pdf}	FigS1_mock_msa1002_titration.png	FigS1_mock_msa1002_titration.pdf	7e254fc621b75bbe9ddf7a674bff372499929abae62023214a1a123b6a8a443e	ba04798bfeaf81a281b1898eae8405326b03b2329d2c976eb642e30a0f08ac3f
FigS2_gate_calibration	figures/gate_calibration.{png,pdf}	FigS2_gate_calibration.png	FigS2_gate_calibration.pdf	92d62d586cef412867d6667e2131d57226b977bc11fa69a3c672c8271971df05	de1b74c5d59fcb9d360b11cc130ddfb6c5ff0a2299f322e38393c8dbc45cd764
FigS3_tree_expansion	figures/figS_tree_expansion.{png,pdf}	FigS3_tree_expansion.png	FigS3_tree_expansion.pdf	a521ea4d1d05b5b6e04cef1a5e0247fac8042fa91e52ba42e8ae2afef3bdbbd0	ee4c7fccbbaa22061f79b39e5166d4bd48947085bcf8f3810ad043aa56ac5a65
FigS4_instrain_derep	figures/figS_instrain_derep.{png,pdf} (generated 2026-10-02)	FigS4_instrain_derep.png	FigS4_instrain_derep.pdf	d04d7cadbf6c01661324f25ed9ed1ced5e6eb737dcd4f0981de6b6c60183a55b	9da8c6f82916a5ed8221b481ff010fe3d45c8fd12fa24ce796ead81bb8cd95fc
