genome	species
GCA_000005845	Escherichia coli
GCA_000006945	Salmonella enterica
GCA_000007545	Salmonella enterica
GCA_000007585	Porphyromonas gingivalis
GCA_000008865	Escherichia coli
GCA_000010385	Escherichia coli
GCA_000010505	Porphyromonas gingivalis
GCA_000013265	Escherichia coli
GCA_000013425	Staphylococcus aureus
GCA_000019645	Escherichia coli
GCA_000020225	Akkermansia muciniphila
GCA_000195955	Mycobacterium tuberculosis
GCA_000210475	Escherichia coli
GCA_000231215	Propionibacterium acnes
GCA_000240185	Klebsiella pneumoniae
GCA_000270225	Porphyromonas gingivalis
GCA_000277735	Mycobacterium tuberculosis
GCA_000738045	Bacteroides dorei
GCA_000738065	Bacteroides dorei
GCA_000743055	Salmonella enterica
GCA_000953275	Peptoclostridium difficile
GCA_001027105	Staphylococcus aureus
GCA_001077535	Clostridioides difficile
GCA_001263815	Porphyromonas gingivalis
GCA_001274615	Porphyromonas gingivalis
GCA_001274835	Bacteroides dorei
GCA_001314265	Porphyromonas gingivalis
GCA_001457635	Streptococcus pneumoniae
GCA_001469595	Cutibacterium acnes
GCA_001469615	Cutibacterium acnes
GCA_001515685	Staphylococcus aureus
GCA_001515745	Staphylococcus aureus
GCA_001558355	Salmonella enterica
GCA_001640865	Bacteroides dorei
GCA_001641025	Staphylococcus aureus
GCA_001641045	Staphylococcus aureus
GCA_001672035	Lactobacillus plantarum
GCA_001704315	Lactobacillus plantarum
GCA_001704335	Lactobacillus plantarum
GCA_001708265	Mycobacterium tuberculosis
GCA_001721125	Escherichia coli
GCA_001896045	Streptococcus pneumoniae
GCA_002005385	Lactobacillus plantarum
GCA_002072775	Mycobacterium tuberculosis
GCA_002080065	Clostridioides difficile
GCA_002097595	Staphylococcus aureus
GCA_002116775	Mycobacterium tuberculosis
GCA_002116835	Mycobacterium tuberculosis
GCA_002156725	Klebsiella pneumoniae
GCA_002156745	Klebsiella pneumoniae
GCA_002202195	Klebsiella pneumoniae
GCA_002220175	Lactobacillus plantarum
GCA_002290185	Lactobacillus plantarum
GCA_002576835	Lactobacillus plantarum
GCA_002753935	Porphyromonas gingivalis
GCA_002753955	Porphyromonas gingivalis
GCA_002753975	Porphyromonas gingivalis
GCA_002754015	Porphyromonas gingivalis
GCA_002754035	Porphyromonas gingivalis
GCA_002754055	Porphyromonas gingivalis
GCA_002754075	Porphyromonas gingivalis
GCA_002754095	Porphyromonas gingivalis
GCA_002754115	Porphyromonas gingivalis
GCA_002754135	Porphyromonas gingivalis
GCA_002754155	Porphyromonas gingivalis
GCA_002843545	Streptococcus pneumoniae
GCA_002850315	Staphylococcus epidermidis
GCA_002853715	Escherichia coli
GCA_002868775	Lactobacillus plantarum
GCA_002892555	Porphyromonas gingivalis
GCA_002892575	Porphyromonas gingivalis
GCA_002892595	Porphyromonas gingivalis
GCA_002895385	Staphylococcus aureus
GCA_002903005	Klebsiella pneumoniae
GCA_002947575	Streptococcus pneumoniae
GCA_003018035	Escherichia coli
GCA_003018455	Escherichia coli
GCA_003019295	Fusobacterium nucleatum
GCA_003030305	Cutibacterium acnes
GCA_003095675	Clostridioides difficile
GCA_003095695	Clostridioides difficile
GCA_003264815	Staphylococcus aureus
GCA_003313545	Clostridioides difficile
GCA_003313565	Clostridioides difficile
GCA_003313585	Clostridioides difficile
GCA_003325135	Salmonella enterica
GCA_003345375	Lactobacillus plantarum
GCA_003351705	Streptococcus pneumoniae
GCA_003390995	Cutibacterium acnes
GCA_003481905	Clostridioides difficile
GCA_003482345	Clostridioides difficile
GCA_003697165	Escherichia coli
GCA_003798465	Cutibacterium acnes
GCA_003812785	Cutibacterium acnes
GCA_003945425	Staphylococcus aureus
GCA_003966525	Streptococcus pneumoniae
GCA_004015245	Akkermansia muciniphila
GCA_004015265	Akkermansia muciniphila
GCA_004103495	Lactobacillus plantarum
GCA_004103515	Lactobacillus plantarum
GCA_004104435	Akkermansia muciniphila
GCA_004136195	Cutibacterium acnes
GCA_004136255	Staphylococcus aureus
GCA_004319565	Akkermansia muciniphila
GCA_004730965	Lactobacillus plantarum
GCA_006094375	Staphylococcus epidermidis
GCA_006094915	Staphylococcus aureus
GCA_006364675	Staphylococcus aureus
GCA_006365335	Salmonella enterica
GCA_006739385	Cutibacterium acnes
GCA_006742205	Staphylococcus epidermidis
GCA_006969245	Salmonella enterica
GCA_008000975	Akkermansia muciniphila
GCA_008728435	Cutibacterium acnes
GCA_009177305	Cutibacterium acnes
GCA_009685135	Staphylococcus epidermidis
GCA_009729915	Salmonella enterica
GCA_009730215	Mycobacterium tuberculosis
GCA_009731575	Akkermansia muciniphila
GCA_009762745	Lactobacillus plantarum
GCA_009913655	Lactobacillus plantarum
GCA_009930675	Salmonella enterica
GCA_010223095	Akkermansia muciniphila
GCA_010223115	Akkermansia muciniphila
GCA_010223135	Akkermansia muciniphila
GCA_010223405	Akkermansia muciniphila
GCA_010223575	Akkermansia muciniphila
GCA_010229315	Akkermansia muciniphila
GCA_010230155	Akkermansia muciniphila
GCA_010230515	Akkermansia muciniphila
GCA_010230725	Akkermansia muciniphila
GCA_010230935	Akkermansia muciniphila
GCA_010231195	Akkermansia muciniphila
GCA_010509235	Akkermansia muciniphila
GCA_010586945	Lactobacillus plantarum
GCA_011045595	Klebsiella pneumoniae
GCA_011066505	Klebsiella pneumoniae
GCA_011399315	Cutibacterium acnes
GCA_011399455	Cutibacterium acnes
GCA_013009555	Bacteroides dorei
GCA_013009675	Bacteroides dorei
GCA_013009875	Bacteroides dorei
GCA_013010095	Bacteroides dorei
GCA_013010255	Bacteroides dorei
GCA_013010365	Bacteroides dorei
GCA_013047165	Streptococcus pneumoniae
GCA_013155145	Lactobacillus plantarum
GCA_013487805	Lactobacillus plantarum
GCA_014058445	Escherichia coli
GCA_014131735	Lactobacillus plantarum
GCA_014170075	Akkermansia muciniphila
GCA_014334155	Salmonella enterica
GCA_014334215	Salmonella enterica
GCA_014899965	Mycobacterium tuberculosis
GCA_014899985	Mycobacterium tuberculosis
GCA_014900005	Mycobacterium tuberculosis
GCA_014900135	Mycobacterium tuberculosis
GCA_014900215	Mycobacterium tuberculosis
GCA_014900235	Mycobacterium tuberculosis
GCA_014900295	Mycobacterium tuberculosis
GCA_015074785	Prevotella copri
GCA_015238635	Clostridioides difficile
GCA_015352155	Clostridioides difficile
GCA_015565735	Salmonella enterica
GCA_015693925	Lactiplantibacillus plantarum
GCA_015839035	Streptococcus pneumoniae
GCA_016028495	Salmonella enterica
GCA_017504145	Akkermansia muciniphila
GCA_017570425	Akkermansia muciniphila
GCA_017570485	Akkermansia muciniphila
GCA_017570505	Akkermansia muciniphila
GCA_017570525	Akkermansia muciniphila
GCA_017798305	Lactiplantibacillus plantarum
GCA_017809835	Klebsiella pneumoniae
GCA_017901035	Mycobacterium tuberculosis
GCA_017901095	Mycobacterium tuberculosis
GCA_018128465	Klebsiella pneumoniae
GCA_018141745	Porphyromonas gingivalis
GCA_018141765	Porphyromonas gingivalis
GCA_018141805	Porphyromonas gingivalis
GCA_018292105	Phocaeicola dorei
GCA_018351295	Lactiplantibacillus plantarum
GCA_018460045	Salmonella enterica
GCA_018604345	Klebsiella pneumoniae
GCA_018847115	Akkermansia muciniphila
GCA_018847155	Akkermansia muciniphila
GCA_018847175	Akkermansia muciniphila
GCA_018847215	Akkermansia muciniphila
GCA_018847255	Akkermansia muciniphila
GCA_018847275	Akkermansia muciniphila
GCA_018847295	Akkermansia muciniphila
GCA_018847315	Akkermansia muciniphila
GCA_018847335	Akkermansia muciniphila
GCA_018847355	Akkermansia muciniphila
GCA_018847395	Akkermansia muciniphila
GCA_018847435	Akkermansia muciniphila
GCA_018847455	Akkermansia muciniphila
GCA_018847475	Akkermansia muciniphila
GCA_018847495	Akkermansia muciniphila
GCA_018847515	Akkermansia muciniphila
GCA_018847535	Akkermansia muciniphila
GCA_018847595	Akkermansia muciniphila
GCA_018884925	Clostridioides difficile
GCA_018884965	Clostridioides difficile
GCA_018885045	Clostridioides difficile
GCA_018885065	Clostridioides difficile
GCA_018885085	Clostridioides difficile
GCA_019095765	Clostridioides difficile
GCA_019249655	Segatella copri
GCA_019249755	Segatella copri
GCA_019249765	Segatella copri
GCA_019249795	Segatella copri
GCA_019249805	Segatella copri
GCA_019249825	Segatella copri
GCA_019249855	Segatella copri
GCA_019329245	Staphylococcus epidermidis
GCA_019329365	Staphylococcus epidermidis
GCA_019329405	Staphylococcus epidermidis
GCA_019329425	Staphylococcus epidermidis
GCA_019329505	Staphylococcus epidermidis
GCA_019329525	Staphylococcus epidermidis
GCA_019329545	Staphylococcus epidermidis
GCA_019329565	Staphylococcus epidermidis
GCA_019329585	Staphylococcus epidermidis
GCA_019329605	Staphylococcus epidermidis
GCA_019329645	Staphylococcus epidermidis
GCA_019329665	Staphylococcus epidermidis
GCA_019329685	Staphylococcus epidermidis
GCA_019329705	Staphylococcus epidermidis
GCA_019329745	Staphylococcus epidermidis
GCA_019329785	Staphylococcus epidermidis
GCA_019330105	Staphylococcus epidermidis
GCA_019330145	Staphylococcus epidermidis
GCA_019330165	Staphylococcus epidermidis
GCA_019330185	Staphylococcus epidermidis
GCA_019330225	Staphylococcus epidermidis
GCA_019330245	Staphylococcus epidermidis
GCA_019787665	Staphylococcus epidermidis
GCA_019823765	Klebsiella pneumoniae
GCA_019823805	Klebsiella pneumoniae
GCA_019823835	Klebsiella pneumoniae
GCA_019823875	Klebsiella pneumoniae
GCA_019823915	Klebsiella pneumoniae
GCA_019823935	Klebsiella pneumoniae
GCA_020735445	Segatella copri
GCA_020736345	Salmonella enterica
GCA_020911805	Klebsiella pneumoniae
GCA_021010665	Cutibacterium acnes
GCA_021010715	Cutibacterium acnes
GCA_021398235	Streptococcus pneumoniae
GCA_021398265	Streptococcus pneumoniae
GCA_021398285	Streptococcus pneumoniae
GCA_021474245	Salmonella enterica
GCA_021474285	Salmonella enterica
GCA_021559895	Mycobacterium tuberculosis
GCA_022068265	Streptococcus pneumoniae
GCA_022070005	Streptococcus pneumoniae
GCA_022070425	Streptococcus pneumoniae
GCA_022533545	Salmonella enterica
GCA_022558605	Streptococcus pneumoniae
GCA_022695655	Clostridioides difficile
GCA_022699305	Klebsiella pneumoniae
GCA_022699345	Klebsiella pneumoniae
GCA_022749215	Klebsiella pneumoniae
GCA_022832755	Staphylococcus aureus
GCA_022845595	Clostridioides difficile
GCA_022869625	Staphylococcus aureus
GCA_022869965	Salmonella enterica
GCA_022870685	Salmonella enterica
GCA_023330725	Salmonella enterica
GCA_023330805	Salmonella enterica
GCA_023330845	Salmonella enterica
GCA_023822425	Porphyromonas gingivalis
GCA_023822445	Porphyromonas gingivalis
GCA_023822465	Porphyromonas gingivalis
GCA_023913575	Klebsiella pneumoniae
GCA_023973045	Lactiplantibacillus plantarum
GCA_024204785	Staphylococcus epidermidis
GCA_024300685	Escherichia coli
GCA_024346895	Klebsiella pneumoniae
GCA_024364865	Salmonella enterica
GCA_024364905	Salmonella enterica
GCA_024364925	Salmonella enterica
GCA_024364945	Salmonella enterica
GCA_024365005	Salmonella enterica
GCA_024496165	Klebsiella pneumoniae
GCA_024972115	Clostridioides difficile
GCA_024972275	Clostridioides difficile
GCA_024972415	Clostridioides difficile
GCA_024972555	Clostridioides difficile
GCA_025135955	Clostridioides difficile
GCA_025144505	Lactiplantibacillus plantarum
GCA_025146415	Phocaeicola dorei
GCA_025151535	Prevotella copri
GCA_025758205	Clostridioides difficile
GCA_025916455	Phocaeicola dorei
GCA_026153115	Lactiplantibacillus plantarum
GCA_026167765	Staphylococcus aureus
GCA_026625205	Staphylococcus aureus
GCA_026625225	Staphylococcus aureus
GCA_026625265	Staphylococcus aureus
GCA_026625305	Staphylococcus aureus
GCA_026625365	Staphylococcus aureus
GCA_026625945	Streptococcus pneumoniae
GCA_026625965	Streptococcus pneumoniae
GCA_027557615	Lactiplantibacillus plantarum
GCA_027595645	Klebsiella pneumoniae
GCA_027925505	Escherichia coli
GCA_027925565	Escherichia coli
GCA_027925745	Escherichia coli
GCA_027925765	Escherichia coli
GCA_027925785	Escherichia coli
GCA_027925805	Escherichia coli
GCA_027925825	Escherichia coli
GCA_027925845	Escherichia coli
GCA_027942195	Klebsiella pneumoniae
GCA_027942215	Klebsiella pneumoniae
GCA_028335085	Porphyromonas gingivalis
GCA_028335105	Porphyromonas gingivalis
GCA_028335125	Porphyromonas gingivalis
GCA_028471925	Klebsiella pneumoniae
GCA_028551175	Salmonella enterica
GCA_028621975	Fusobacterium nucleatum
GCA_028743255	Akkermansia muciniphila
GCA_028869445	Lactiplantibacillus plantarum
GCA_029338475	Cutibacterium acnes
GCA_029537315	Salmonella enterica
GCA_029814785	Lactiplantibacillus plantarum
GCA_029834415	Lactiplantibacillus plantarum
GCA_029851525	Cutibacterium acnes
GCA_029851605	Cutibacterium acnes
GCA_029851625	Cutibacterium acnes
GCA_029855105	Lactiplantibacillus plantarum
GCA_030127445	Streptococcus pneumoniae
GCA_030144345	Porphyromonas gingivalis
GCA_030166615	Cutibacterium acnes
GCA_030166635	Cutibacterium acnes
GCA_030252365	Porphyromonas gingivalis
GCA_030252695	Staphylococcus aureus
GCA_030252735	Staphylococcus aureus
GCA_030252755	Staphylococcus aureus
GCA_030253605	Lactiplantibacillus plantarum
GCA_030295305	Cutibacterium acnes
GCA_030297695	Lactiplantibacillus plantarum
GCA_030440475	Porphyromonas gingivalis
GCA_030440495	Porphyromonas gingivalis
GCA_030845935	Klebsiella pneumoniae
GCA_031191795	Fusobacterium nucleatum
GCA_031326165	Staphylococcus epidermidis
GCA_031597175	Lactiplantibacillus plantarum
GCA_032382315	Escherichia coli
GCA_032450655	Segatella copri
GCA_032451715	Segatella copri
GCA_032452275	Segatella copri
GCA_032452555	Segatella copri
GCA_032452695	Segatella copri
GCA_033096065	Streptococcus pneumoniae
GCA_033096145	Streptococcus pneumoniae
GCA_033096165	Streptococcus pneumoniae
GCA_033096185	Streptococcus pneumoniae
GCA_033096225	Streptococcus pneumoniae
GCA_033096265	Streptococcus pneumoniae
GCA_033124885	Mycobacterium tuberculosis
GCA_033125685	Mycobacterium tuberculosis
GCA_033145555	Streptococcus pneumoniae
GCA_033146375	Streptococcus pneumoniae
GCA_033149375	Streptococcus pneumoniae
GCA_033165855	Streptococcus pneumoniae
GCA_033947425	Akkermansia muciniphila
GCA_033947545	Akkermansia muciniphila
GCA_036255815	Lactiplantibacillus plantarum
GCA_036322955	Streptococcus pneumoniae
GCA_036322975	Streptococcus pneumoniae
GCA_036509575	Streptococcus pneumoniae
GCA_036796995	Akkermansia muciniphila
GCA_037039295	Staphylococcus aureus
GCA_037039325	Staphylococcus aureus
GCA_037889055	Fusobacterium nucleatum
GCA_037889125	Fusobacterium nucleatum
GCA_037889175	Fusobacterium nucleatum
GCA_037889235	Fusobacterium nucleatum
GCA_037889255	Fusobacterium nucleatum
GCA_037889285	Fusobacterium nucleatum
GCA_037889315	Fusobacterium nucleatum
GCA_037889325	Fusobacterium nucleatum
GCA_037889375	Fusobacterium nucleatum
GCA_037889385	Fusobacterium nucleatum
GCA_037890135	Fusobacterium nucleatum
GCA_037900345	Fusobacterium nucleatum
GCA_037915445	Clostridioides difficile
GCA_037920665	Clostridioides difficile
GCA_037923795	Clostridioides difficile
GCA_037934445	Clostridioides difficile
GCA_037941005	Clostridioides difficile
GCA_037942495	Mycobacterium tuberculosis
GCA_037951365	Fusobacterium nucleatum
GCA_037952305	Fusobacterium nucleatum
GCA_037953125	Fusobacterium nucleatum
GCA_037955445	Fusobacterium nucleatum
GCA_038431575	Streptococcus pneumoniae
GCA_038431755	Streptococcus pneumoniae
GCA_039725565	Lactiplantibacillus plantarum
GCA_040047695	Klebsiella pneumoniae
GCA_040208985	Mycobacterium tuberculosis
GCA_040208995	Mycobacterium tuberculosis
GCA_040209205	Mycobacterium tuberculosis
GCA_040209215	Mycobacterium tuberculosis
GCA_040209325	Mycobacterium tuberculosis
GCA_040209395	Mycobacterium tuberculosis
GCA_040571355	Escherichia coli
GCA_040616545	Akkermansia muciniphila
GCA_040687865	Streptococcus pneumoniae
GCA_040687875	Streptococcus pneumoniae
GCA_040687885	Streptococcus pneumoniae
GCA_040687895	Streptococcus pneumoniae
GCA_041080895	Salmonella enterica
GCA_041531555	Lactiplantibacillus plantarum
GCA_041531615	Staphylococcus aureus
GCA_041729265	Streptococcus pneumoniae
GCA_041866875	Salmonella enterica
GCA_041927295	Salmonella enterica
GCA_041930315	Salmonella enterica
GCA_041930345	Salmonella enterica
GCA_043187905	Klebsiella pneumoniae
GCA_044324875	Escherichia coli
GCA_044590115	Lactiplantibacillus plantarum
GCA_044789125	Staphylococcus aureus
GCA_045278205	Salmonella enterica
GCA_045345275	Staphylococcus aureus
GCA_045679535	Staphylococcus aureus
GCA_045786335	Staphylococcus epidermidis
GCA_045790345	Staphylococcus aureus
GCA_045791695	Staphylococcus aureus
GCA_045862735	Staphylococcus aureus
GCA_045928505	Staphylococcus epidermidis
GCA_045933105	Staphylococcus epidermidis
GCA_045934295	Staphylococcus epidermidis
GCA_045935645	Staphylococcus epidermidis
GCA_045936855	Staphylococcus epidermidis
GCA_045937745	Staphylococcus epidermidis
GCA_045937765	Staphylococcus epidermidis
GCA_045938865	Staphylococcus epidermidis
GCA_045939555	Staphylococcus epidermidis
GCA_045939605	Staphylococcus epidermidis
GCA_045939955	Staphylococcus epidermidis
GCA_045940065	Staphylococcus epidermidis
GCA_045940075	Staphylococcus epidermidis
GCA_045940705	Staphylococcus epidermidis
GCA_045940975	Staphylococcus epidermidis
GCA_045942175	Staphylococcus epidermidis
GCA_045942415	Staphylococcus epidermidis
GCA_045944115	Staphylococcus epidermidis
GCA_046619595	Klebsiella pneumoniae
GCA_048313075	Fusobacterium nucleatum
GCA_048568925	Escherichia coli
GCA_048568945	Escherichia coli
GCA_048568955	Escherichia coli
GCA_048568965	Escherichia coli
GCA_048568975	Escherichia coli
GCA_048569005	Escherichia coli
GCA_048569015	Escherichia coli
GCA_048571305	Escherichia coli
GCA_048571315	Escherichia coli
GCA_048571415	Escherichia coli
GCA_048571425	Escherichia coli
GCA_048571515	Escherichia coli
GCA_048571525	Escherichia coli
GCA_048571565	Escherichia coli
GCA_048571605	Escherichia coli
GCA_048571635	Escherichia coli
GCA_048571645	Escherichia coli
GCA_048571655	Escherichia coli
GCA_048571795	Escherichia coli
GCA_048571805	Escherichia coli
GCA_048571815	Escherichia coli
GCA_048571825	Escherichia coli
GCA_048571835	Escherichia coli
GCA_048961785	Klebsiella pneumoniae
GCA_048961795	Klebsiella pneumoniae
GCA_049177205	Lactiplantibacillus plantarum
GCA_049201125	Clostridioides difficile
GCA_049201135	Clostridioides difficile
GCA_049241955	Lactiplantibacillus plantarum
GCA_049242515	Clostridioides difficile
GCA_049243065	Clostridioides difficile
GCA_049243115	Clostridioides difficile
GCA_049244735	Peptoclostridium difficile
GCA_049244755	Peptoclostridium difficile
GCA_049314975	Staphylococcus aureus
GCA_049330845	Lactiplantibacillus plantarum
GCA_049477935	Lactiplantibacillus plantarum
GCA_049544835	Salmonella enterica
GCA_050156185	Klebsiella pneumoniae
GCA_050233295	Fusobacterium nucleatum
GCA_050516495	Salmonella enterica
GCA_050809835	Klebsiella pneumoniae
GCA_050881725	Staphylococcus aureus
GCA_050920715	Fusobacterium nucleatum
GCA_051012485	Escherichia coli
GCA_051861795	Segatella copri
GCA_051861805	Segatella copri
GCA_051861815	Segatella copri
GCA_052398825	Cutibacterium acnes
GCA_052441905	Peptoclostridium difficile
GCA_052442795	Peptoclostridium difficile
GCA_052566715	Streptococcus pneumoniae
GCA_052566725	Streptococcus pneumoniae
GCA_052692365	Lactiplantibacillus plantarum
GCA_052906805	Klebsiella pneumoniae
GCA_053078305	Escherichia coli
GCA_053128315	Klebsiella pneumoniae
GCA_054693465	Klebsiella pneumoniae
GCA_054790395	Peptoclostridium difficile
GCA_054790585	Peptoclostridium difficile
GCA_054790685	Peptoclostridium difficile
GCA_054790695	Peptoclostridium difficile
GCA_054890165	Segatella copri
GCA_054906605	Staphylococcus aureus
GCA_054906615	Staphylococcus aureus
GCA_054906625	Staphylococcus aureus
GCA_055234055	Lactiplantibacillus plantarum
GCA_055379255	Escherichia coli
GCA_055381415	Streptococcus pneumoniae
GCA_055381835	Streptococcus pneumoniae
GCA_055382695	Streptococcus pneumoniae
GCA_055523395	Porphyromonas gingivalis
GCA_055523415	Porphyromonas gingivalis
GCA_055523455	Porphyromonas gingivalis
GCA_055523465	Porphyromonas gingivalis
GCA_055901005	Salmonella enterica
GCA_055901155	Klebsiella pneumoniae
GCA_056175105	Lactiplantibacillus plantarum
GCA_056333145	Fusobacterium nucleatum
GCA_056590175	Salmonella enterica
GCA_056816635	Cutibacterium acnes
GCA_056820065	Staphylococcus aureus
GCA_056820105	Staphylococcus aureus
GCA_057074175	Staphylococcus aureus
GCA_057074205	Staphylococcus aureus
GCA_057074225	Staphylococcus aureus
GCA_057077345	Staphylococcus aureus
GCA_057077355	Staphylococcus aureus
GCA_057198095	Cutibacterium acnes
GCA_057198105	Cutibacterium acnes
GCA_057198235	Cutibacterium acnes
GCA_057198265	Cutibacterium acnes
GCA_057218255	Porphyromonas gingivalis
GCA_057218265	Porphyromonas gingivalis
GCA_057218275	Porphyromonas gingivalis
GCA_057218315	Porphyromonas gingivalis
GCA_057220515	Porphyromonas gingivalis
GCA_057220555	Porphyromonas gingivalis
GCA_057220915	Klebsiella pneumoniae
GCA_057418965	Lactiplantibacillus plantarum
GCA_057457935	Cutibacterium acnes
GCA_057457945	Cutibacterium acnes
GCA_057501535	Cutibacterium acnes
GCA_057584575	Cutibacterium acnes
GCA_057584585	Cutibacterium acnes
GCA_057584595	Cutibacterium acnes
GCA_057584865	Cutibacterium acnes
GCA_057584875	Cutibacterium acnes
GCA_057584885	Cutibacterium acnes
GCA_057587615	Clostridioides difficile
GCA_057736435	Lactiplantibacillus plantarum
GCA_057785035	Lactiplantibacillus plantarum
GCA_057786755	Lactiplantibacillus plantarum
GCA_057812305	Klebsiella pneumoniae
GCA_057815115	Lactiplantibacillus plantarum
GCA_057836765	Salmonella enterica
GCA_057914855	Streptococcus pneumoniae
GCA_057929645	Klebsiella pneumoniae
GCA_058134955	Lactiplantibacillus plantarum
GCA_058135485	Lactiplantibacillus plantarum
GCA_058137405	Cutibacterium acnes
GCA_058145555	Klebsiella pneumoniae
GCA_058145595	Klebsiella pneumoniae
GCA_058145615	Klebsiella pneumoniae
GCA_058145635	Klebsiella pneumoniae
GCA_058178805	Cutibacterium acnes
GCA_058179315	Cutibacterium acnes
GCA_058180565	Cutibacterium acnes
GCA_058182115	Cutibacterium acnes
GCA_058182275	Cutibacterium acnes
GCA_058222315	Salmonella enterica
GCA_058222435	Salmonella enterica
GCA_058308675	Streptococcus pneumoniae
GCA_058322775	Akkermansia muciniphila
GCA_058322795	Akkermansia muciniphila
GCA_058447365	Salmonella enterica
GCA_058447825	Salmonella enterica
GCA_900086615	Staphylococcus epidermidis
GCA_900476475	Streptococcus pneumoniae
GCA_900476505	Streptococcus pneumoniae
GCA_900607265	Staphylococcus aureus
GCA_900607305	Staphylococcus aureus
GCA_900618545	Streptococcus pneumoniae
GCA_900620245	Staphylococcus aureus
GCA_900638695	Staphylococcus epidermidis
GCA_900693025	Streptococcus pneumoniae
GCA_902381645	Fusobacterium nucleatum
GCA_902387545	Bacteroides dorei
GCA_951803555	Clostridioides difficile
GCA_963281185	Streptococcus pneumoniae
GCA_963426535	Clostridioides difficile
GCA_963525475	Mycobacterium tuberculosis
GCA_963854595	Klebsiella pneumoniae
GCA_964264565	Phocaeicola dorei
GCA_964642115	Fusobacterium nucleatum
GCA_965122945	Mycobacterium tuberculosis
GCA_965124815	Mycobacterium tuberculosis
