sample	subject	timepoint	species	cluster	within_abund	coverage	support	depth	global_abundance	sample_fraction
S11-11	11	S11	Actinomyces_odontolyticus	C1|C7	0.417088	0.18	60	0.304	0.002744	0.000095
S11-11	11	S11	Actinomyces_odontolyticus	C2	0.357043	0.13	241	0.260	0.002349	0.000082
S11-11	11	S11	Actinomyces_odontolyticus	C6	0.225868	0.10	248	0.164	0.001486	0.000052
S11-11	11	S11	Fusobacterium_nucleatum	C4	1.000000	0.46	11	1.292	0.011674	0.000004
S11-11	11	S11	Gemella_haemolysans	C8	0.853116	0.41	50	1.364	0.012325	0.000029
S11-11	11	S11	Gemella_haemolysans	C4	0.146884	0.17	20	0.235	0.002122	0.000006
S11-11	11	S11	Granulicatella_adiacens	C8|C9	0.715789	0.42	44	1.619	0.014633	0.000112
S11-11	11	S11	Granulicatella_adiacens	C4	0.284211	0.24	20	0.643	0.005810	0.000037
S11-11	11	S11	Haemophilus_parainfluenzae	C3|C4	0.633871	0.50	19	15.211	0.137472	0.001280
S11-11	11	S11	Haemophilus_parainfluenzae	C14|C15	0.366129	0.55	23	8.786	0.079405	0.000754
S11-11	11	S11	Neisseria_subflava	C5|C7|C8	1.000000	0.68	34	36.140	0.326632	0.007071
S11-11	11	S11	Prevotella_melaninogenica	C0|C2|C3|C4|C5|C6|C7|C10	1.000000	0.66	23	1.543	0.013944	0.000191
S11-11	11	S11	Rothia_dentocariosa	C2|C5	1.000000	0.60	41	5.574	0.050373	0.001221
S11-11	11	S11	Rothia_mucilaginosa	C1|C10	1.000000	0.73	109	31.387	0.283672	0.006663
S11-11	11	S11	Streptococcus_sanguinis	C4	1.000000	0.57	65	5.617	0.050770	0.000480
S11-11	11	S11	Veillonella_parvula	C5	0.635294	0.16	10	0.323	0.002915	0.000024
S11-11	11	S11	Veillonella_parvula	C12	0.364706	0.14	11	0.185	0.001674	0.000014
S11-12	12	S11	Actinomyces_odontolyticus	C1|C2|C3|C7	0.835322	0.30	14	0.804	0.007476	0.000243
S11-12	12	S11	Actinomyces_odontolyticus	C4	0.164678	0.10	250	0.159	0.001474	0.000044
S11-12	12	S11	Fusobacterium_nucleatum	C4	1.000000	0.38	9	0.750	0.006971	0.000002
S11-12	12	S11	Granulicatella_adiacens	C4	1.000000	0.27	27	0.624	0.005797	0.000033
S11-12	12	S11	Haemophilus_parainfluenzae	C3|C4	0.667777	0.58	22	40.158	0.373243	0.003138
S11-12	12	S11	Haemophilus_parainfluenzae	C14|C15	0.180145	0.64	27	10.833	0.100689	0.000864
S11-12	12	S11	Haemophilus_parainfluenzae	C2|C16|C17	0.152078	0.56	31	9.145	0.085001	0.000781
S11-12	12	S11	Neisseria_subflava	C5|C7|C8	1.000000	0.54	27	25.340	0.235520	0.004603
S11-12	12	S11	Prevotella_melaninogenica	C0|C2|C3|C4|C5|C6|C7|C10	1.000000	0.40	14	0.600	0.005577	0.000069
S11-12	12	S11	Rothia_dentocariosa	C2|C5	1.000000	0.74	50	11.985	0.111396	0.002437
S11-12	12	S11	Streptococcus_mitis	C1|C7	0.767763	0.35	13	1.189	0.011053	0.000057
S11-12	12	S11	Streptococcus_mitis	C3	0.232237	0.16	22	0.360	0.003343	0.000016
S11-12	12	S11	Streptococcus_sanguinis	C15|C22	1.000000	0.67	73	4.321	0.040162	0.000342
S11-12	12	S11	Veillonella_dispar	C13	0.516564	0.13	21	0.259	0.002408	0.000017
S11-12	12	S11	Veillonella_dispar	C5	0.483436	0.12	8	0.242	0.002253	0.000010
S11-12	12	S11	Veillonella_parvula	C0	0.366189	0.14	16	0.301	0.002797	0.000021
S11-12	12	S11	Veillonella_parvula	C7	0.339367	0.15	16	0.279	0.002592	0.000020
S11-12	12	S11	Veillonella_parvula	C5	0.294445	0.13	8	0.242	0.002249	0.000017
S11-14	14	S11	Actinomyces_odontolyticus	C1	1.000000	0.22	403	0.434	0.004207	0.000049
S11-14	14	S11	Fusobacterium_nucleatum	C4	1.000000	0.58	14	9.208	0.089285	0.000011
S11-14	14	S11	Gemella_haemolysans	C0|C5|C10	1.000000	0.53	26	6.122	0.059364	0.000052
S11-14	14	S11	Granulicatella_adiacens	C8|C9	1.000000	0.75	79	6.638	0.064364	0.000164
S11-14	14	S11	Haemophilus_parainfluenzae	C14|C15	0.748175	0.52	22	3.905	0.037861	0.000120
S11-14	14	S11	Haemophilus_parainfluenzae	C10|C11|C12	0.251825	0.40	14	1.314	0.012743	0.000038
S11-14	14	S11	Neisseria_subflava	C0|C3	1.000000	0.51	39	17.104	0.165841	0.001203
S11-14	14	S11	Prevotella_melaninogenica	C0|C2|C3|C4|C5|C6|C7|C10	0.718333	0.97	34	36.457	0.353492	0.001615
S11-14	14	S11	Prevotella_melaninogenica	C8|C9	0.281667	0.82	295	14.295	0.138608	0.000615
S11-14	14	S11	Rothia_dentocariosa	C3	0.508480	0.41	126	1.117	0.010833	0.000083
S11-14	14	S11	Rothia_dentocariosa	C2|C5|C10|C12	0.491520	0.34	17	1.080	0.010472	0.000085
S11-14	14	S11	Streptococcus_parasanguinis	C0|C1|C9|C15	1.000000	0.64	27	5.190	0.050327	0.000145
S11-14	14	S11	Veillonella_parvula	C8	1.000000	0.15	12	0.268	0.002601	0.000007
S11-1	1	S11	Actinomyces_odontolyticus	C5	0.774955	0.45	1162	1.488	0.001468	0.000146
S11-1	1	S11	Actinomyces_odontolyticus	C2	0.113377	0.10	190	0.218	0.000215	0.000020
S11-1	1	S11	Actinomyces_odontolyticus	C6	0.111669	0.12	295	0.214	0.000212	0.000019
S11-1	1	S11	Fusobacterium_nucleatum	C4	0.924171	0.67	14	16.250	0.016036	0.000016
S11-1	1	S11	Fusobacterium_nucleatum	C1	0.075829	0.44	8	1.333	0.001316	0.000001
S11-1	1	S11	Gemella_haemolysans	C8	0.492969	0.61	74	67.587	0.066695	0.000416
S11-1	1	S11	Gemella_haemolysans	C0|C5|C10	0.463086	0.78	38	63.490	0.062652	0.000428
S11-1	1	S11	Gemella_haemolysans	C3|C4	0.043946	0.50	20	6.025	0.005946	0.000044
S11-1	1	S11	Granulicatella_adiacens	C8|C9	1.000000	0.52	55	10.076	0.009943	0.000199
S11-1	1	S11	Haemophilus_parainfluenzae	C4	0.693216	0.50	94	38.193	0.037689	0.000918
S11-1	1	S11	Haemophilus_parainfluenzae	C2|C16	0.306784	0.54	50	16.902	0.016679	0.000444
S11-1	1	S11	Neisseria_subflava	C5|C7|C8	0.566898	0.70	35	383.860	0.378796	0.021455
S11-1	1	S11	Neisseria_subflava	C1	0.433102	0.64	408	293.264	0.289395	0.014912
S11-1	1	S11	Prevotella_melaninogenica	C0|C2|C3|C4|C5|C6|C7|C10	0.535562	0.97	34	17.114	0.016889	0.000605
S11-1	1	S11	Prevotella_melaninogenica	C1	0.236581	0.59	401	7.560	0.007460	0.000234
S11-1	1	S11	Prevotella_melaninogenica	C8|C9	0.227857	0.71	255	7.281	0.007185	0.000250
S11-1	1	S11	Streptococcus_mitis	C1|C7	1.000000	0.51	19	79.297	0.078251	0.001169
S11-1	1	S11	Streptococcus_parasanguinis	C2	1.000000	0.11	14	0.246	0.000243	0.000005
S11-1	1	S11	Streptococcus_salivarius	C0	0.625336	0.30	32	0.787	0.000777	0.000013
S11-1	1	S11	Streptococcus_salivarius	C1	0.374664	0.22	27	0.472	0.000465	0.000008
S11-1	1	S11	Veillonella_atypica	C2	0.389532	0.22	36	0.527	0.000520	0.000011
S11-1	1	S11	Veillonella_atypica	C1	0.293550	0.24	36	0.397	0.000392	0.000009
S11-1	1	S11	Veillonella_atypica	C7	0.202282	0.15	13	0.274	0.000270	0.000006
S11-1	1	S11	Veillonella_atypica	C4	0.114636	0.11	13	0.155	0.000153	0.000003
S11-1	1	S11	Veillonella_parvula	C4	1.000000	0.16	9	0.357	0.000352	0.000007
S11-2	2	S11	Actinomyces_odontolyticus	C1|C3|C7	1.000000	0.31	64	0.871	0.021750	0.000252
S11-2	2	S11	Fusobacterium_nucleatum	C18	1.000000	0.44	8	2.111	0.052728	0.000007
S11-2	2	S11	Haemophilus_parainfluenzae	C3|C4	1.000000	0.50	19	10.947	0.273427	0.000817
S11-2	2	S11	Neisseria_subflava	C5|C7|C8	1.000000	0.56	28	14.980	0.374149	0.002600
S11-2	2	S11	Prevotella_melaninogenica	C1	0.713633	0.48	328	2.421	0.060464	0.000233
S11-2	2	S11	Prevotella_melaninogenica	C0|C2|C3|C4|C5|C6|C7|C10	0.286367	0.49	17	0.971	0.024263	0.000107
S11-2	2	S11	Rothia_dentocariosa	C2|C5|C10|C12	1.000000	0.22	11	0.380	0.009491	0.000074
S11-2	2	S11	Rothia_mucilaginosa	C1|C10	1.000000	0.55	82	5.733	0.143199	0.001080
S11-2	2	S11	Streptococcus_mitis	C1|C7	1.000000	0.32	12	0.784	0.019576	0.000036
S11-2	2	S11	Streptococcus_oralis	C17	0.448333	0.17	38	0.376	0.009394	0.000020
S11-2	2	S11	Streptococcus_oralis	C16	0.310967	0.14	26	0.261	0.006516	0.000013
S11-2	2	S11	Streptococcus_oralis	C5	0.240700	0.11	11	0.202	0.005043	0.000011
S11-6	6	S11	Actinomyces_odontolyticus	C1|C7	0.569610	0.50	114	7.956	0.007957	0.000993
S11-6	6	S11	Actinomyces_odontolyticus	C6	0.430390	0.59	1440	6.012	0.006012	0.000763
S11-6	6	S11	Fusobacterium_nucleatum	C4	1.000000	0.42	10	1.125	0.001125	0.000002
S11-6	6	S11	Gemella_haemolysans	C7	0.626984	0.57	8	11.286	0.011287	0.000088
S11-6	6	S11	Gemella_haemolysans	C2	0.373016	0.52	11	6.714	0.006715	0.000059
S11-6	6	S11	Granulicatella_adiacens	C8|C9	1.000000	0.68	71	26.238	0.026241	0.000725
S11-6	6	S11	Haemophilus_parainfluenzae	C3|C4	0.882077	0.61	23	108.105	0.108117	0.003637
S11-6	6	S11	Haemophilus_parainfluenzae	C14|C15	0.117923	0.62	26	14.452	0.014454	0.000496
S11-6	6	S11	Neisseria_subflava	C0|C3	0.503309	0.64	49	251.260	0.251287	0.019722
S11-6	6	S11	Neisseria_subflava	C1	0.305912	0.53	340	152.716	0.152732	0.010868
S11-6	6	S11	Neisseria_subflava	C5|C7|C8	0.190779	0.56	28	95.240	0.095250	0.007450
S11-6	6	S11	Prevotella_melaninogenica	C0|C2|C3|C4|C5|C6|C7|C10	0.725062	0.91	32	35.600	0.035604	0.001760
S11-6	6	S11	Prevotella_melaninogenica	C1	0.151886	0.57	386	7.457	0.007458	0.000323
S11-6	6	S11	Prevotella_melaninogenica	C8|C9	0.123052	0.72	257	6.042	0.006042	0.000290
S11-6	6	S11	Rothia_dentocariosa	C2|C5	1.000000	0.51	35	35.676	0.035680	0.003124
S11-6	6	S11	Rothia_mucilaginosa	C5|C12	0.630786	0.55	24	98.500	0.098511	0.008373
S11-6	6	S11	Rothia_mucilaginosa	C11	0.190118	0.68	427	29.688	0.029691	0.002486
S11-6	6	S11	Rothia_mucilaginosa	C1|C10	0.179096	0.51	76	27.967	0.027970	0.002373
S11-6	6	S11	Streptococcus_gordonii	C1|C2	1.000000	0.23	13	0.509	0.000509	0.000013
S11-6	6	S11	Streptococcus_mitis	C1|C7	1.000000	0.70	26	58.135	0.058141	0.001199
S11-6	6	S11	Streptococcus_oralis	C17	1.000000	0.54	103	13.748	0.013749	0.000331
S11-6	6	S11	Streptococcus_parasanguinis	C0|C1|C9|C15	0.625828	0.76	32	3.000	0.003000	0.000094
S11-6	6	S11	Streptococcus_parasanguinis	C6|C8	0.374172	0.48	30	1.794	0.001794	0.000049
S11-6	6	S11	Streptococcus_salivarius	C1	0.688870	0.21	26	0.463	0.000463	0.000011
S11-6	6	S11	Streptococcus_salivarius	C2	0.311130	0.12	10	0.209	0.000209	0.000005
S11-7	7	S11	Actinomyces_odontolyticus	C1|C2|C3|C7	1.000000	0.70	32	7.283	0.025995	0.002532
S11-7	7	S11	Gemella_haemolysans	C0|C5|C10	1.000000	0.55	27	3.673	0.013112	0.000092
S11-7	7	S11	Granulicatella_adiacens	C8|C9	1.000000	0.75	79	18.781	0.067037	0.001386
S11-7	7	S11	Haemophilus_parainfluenzae	C19	1.000000	0.63	99	3.713	0.013255	0.000335
S11-7	7	S11	Neisseria_subflava	C5|C7|C8	1.000000	0.68	34	134.480	0.480014	0.028084
S11-7	7	S11	Prevotella_melaninogenica	C0|C2|C3|C4|C5|C6|C7|C10	0.862591	0.94	33	91.200	0.325530	0.012039
S11-7	7	S11	Prevotella_melaninogenica	C9	0.137409	0.61	282	14.528	0.051856	0.001861
S11-7	7	S11	Streptococcus_parasanguinis	C0|C1|C9|C15	1.000000	0.79	33	6.500	0.023201	0.000541
S11-9	9	S11	Actinomyces_odontolyticus	C4	1.000000	0.28	664	0.697	0.000765	0.000069
S11-9	9	S11	Fusobacterium_nucleatum	C4	1.000000	0.62	13	12.375	0.013571	0.000014
S11-9	9	S11	Gemella_haemolysans	C3|C4	1.000000	0.55	22	5.925	0.006498	0.000050
S11-9	9	S11	Haemophilus_parainfluenzae	C14|C15	1.000000	0.62	26	6.905	0.007572	0.000195
S11-9	9	S11	Neisseria_subflava	C1	0.541737	0.58	367	311.331	0.341428	0.018261
S11-9	9	S11	Neisseria_subflava	C5|C7|C8	0.458263	0.66	33	263.360	0.288820	0.016979
S11-9	9	S11	Prevotella_melaninogenica	C1	0.359929	0.51	350	97.891	0.107355	0.003497
S11-9	9	S11	Prevotella_melaninogenica	C9	0.297759	0.55	257	80.983	0.088812	0.003203
S11-9	9	S11	Prevotella_melaninogenica	C8	0.195764	0.59	263	53.243	0.058390	0.002060
S11-9	9	S11	Prevotella_melaninogenica	C0|C2|C3|C4|C5|C6|C7|C10	0.146548	0.94	33	39.857	0.043710	0.001624
S11-9	9	S11	Streptococcus_gordonii	C1|C2	1.000000	0.14	8	0.246	0.000269	0.000005
S11-9	9	S11	Streptococcus_mitis	C1|C7	1.000000	0.62	23	22.568	0.024749	0.000384
S11-9	9	S11	Streptococcus_oralis	C17	1.000000	0.58	118	16.469	0.018061	0.000327
S13-11	11	S13	Actinomyces_odontolyticus	C1|C3|C7	1.000000	0.27	57	0.574	0.011537	0.000116
S13-11	11	S13	Fusobacterium_nucleatum	C4	1.000000	0.50	11	3.542	0.071164	0.000007
S13-11	11	S13	Gemella_haemolysans	C8	0.837064	0.41	50	1.653	0.033212	0.000022
S13-11	11	S13	Gemella_haemolysans	C4	0.162936	0.20	23	0.322	0.006465	0.000005
S13-11	11	S13	Granulicatella_adiacens	C8|C9	0.538371	0.29	30	0.571	0.011482	0.000024
S13-11	11	S13	Granulicatella_adiacens	C4	0.325266	0.18	15	0.345	0.006937	0.000012
S13-11	11	S13	Granulicatella_adiacens	C7	0.136364	0.12	9	0.145	0.002908	0.000005
S13-11	11	S13	Haemophilus_parainfluenzae	C14|C15	1.000000	0.52	22	5.071	0.101902	0.000269
S13-11	11	S13	Neisseria_subflava	C5|C7|C8	1.000000	0.60	30	13.280	0.266840	0.001606
S13-11	11	S13	Prevotella_melaninogenica	C0|C3|C10	1.000000	0.23	11	0.354	0.007116	0.000027
S13-11	11	S13	Rothia_dentocariosa	C2|C5	1.000000	0.57	39	7.485	0.150405	0.001013
S13-11	11	S13	Rothia_mucilaginosa	C1|C10	1.000000	0.61	91	11.347	0.227993	0.001489
S13-11	11	S13	Streptococcus_sanguinis	C4	0.746211	0.54	62	3.513	0.070589	0.000186
S13-11	11	S13	Streptococcus_sanguinis	C10	0.121836	0.22	58	0.574	0.011525	0.000029
S13-11	11	S13	Streptococcus_sanguinis	C17|C19	0.072413	0.15	13	0.341	0.006850	0.000019
S13-11	11	S13	Streptococcus_sanguinis	C22	0.059540	0.13	17	0.280	0.005632	0.000014
S13-11	11	S13	Veillonella_parvula	C12	1.000000	0.26	21	0.370	0.007442	0.000017
S13-12	12	S13	Actinomyces_odontolyticus	C1|C3|C7	1.000000	0.24	50	0.507	0.004701	0.000131
S13-12	12	S13	Fusobacterium_nucleatum	C4	1.000000	0.54	13	1.833	0.016992	0.000005
S13-12	12	S13	Granulicatella_adiacens	C4	0.749092	0.28	28	0.693	0.006423	0.000031
S13-12	12	S13	Granulicatella_adiacens	C6	0.250908	0.12	13	0.232	0.002152	0.000011
S13-12	12	S13	Haemophilus_parainfluenzae	C3|C4	0.533863	0.66	25	13.553	0.125607	0.000904
S13-12	12	S13	Haemophilus_parainfluenzae	C14|C15	0.466137	0.67	28	11.833	0.109672	0.000805
S13-12	12	S13	Neisseria_subflava	C5|C7|C8	1.000000	0.52	26	40.580	0.376099	0.006289
S13-12	12	S13	Rothia_dentocariosa	C2|C5	1.000000	0.75	51	20.926	0.193949	0.003630
S13-12	12	S13	Streptococcus_mitis	C1	1.000000	0.16	18	0.286	0.002648	0.000011
S13-12	12	S13	Streptococcus_sanguinis	C15|C22	1.000000	0.79	86	16.853	0.156197	0.001139
S13-12	12	S13	Veillonella_parvula	C7	0.609023	0.15	16	0.365	0.003386	0.000022
S13-12	12	S13	Veillonella_parvula	C3	0.390977	0.11	9	0.235	0.002174	0.000014
S13-14	14	S13	Actinomyces_odontolyticus	C1	0.733614	0.27	500	0.653	0.003315	0.000046
S13-14	14	S13	Actinomyces_odontolyticus	C4	0.266386	0.11	271	0.237	0.001204	0.000016
S13-14	14	S13	Gemella_haemolysans	C0|C5|C10	0.549656	0.57	28	11.714	0.059484	0.000062
S13-14	14	S13	Gemella_haemolysans	C8	0.435094	0.50	61	9.273	0.047086	0.000045
S13-14	14	S13	Gemella_haemolysans	C3|C4	0.015250	0.20	8	0.325	0.001650	0.000002
S13-14	14	S13	Granulicatella_adiacens	C8|C9	1.000000	0.82	86	9.924	0.050392	0.000154
S13-14	14	S13	Haemophilus_parainfluenzae	C14|C15	1.000000	0.52	22	2.810	0.014267	0.000054
S13-14	14	S13	Neisseria_subflava	C0|C3	1.000000	0.55	42	43.377	0.220264	0.001912
S13-14	14	S13	Prevotella_melaninogenica	C0|C2|C3|C4|C5|C6|C7|C10	0.726680	0.94	33	51.286	0.260425	0.001424
S13-14	14	S13	Prevotella_melaninogenica	C8|C9	0.273320	0.84	301	19.290	0.097952	0.000520
S13-14	14	S13	Rothia_dentocariosa	C3	1.000000	0.48	147	1.339	0.006798	0.000063
S13-14	14	S13	Streptococcus_mitis	C1|C7	1.000000	0.54	20	33.919	0.172238	0.000393
S13-14	14	S13	Streptococcus_parasanguinis	C0|C1|C9|C15	1.000000	0.79	33	12.786	0.064925	0.000224
S13-1	1	S13	Actinomyces_odontolyticus	C5	1.000000	0.35	896	0.788	0.001922	0.000095
S13-1	1	S13	Fusobacterium_nucleatum	C4	1.000000	0.54	12	9.167	0.022370	0.000011
S13-1	1	S13	Gemella_haemolysans	C8	0.683738	0.60	73	30.355	0.074079	0.000229
S13-1	1	S13	Gemella_haemolysans	C0|C5|C10	0.316262	0.71	35	14.041	0.034265	0.000116
S13-1	1	S13	Haemophilus_parainfluenzae	C3|C4	1.000000	0.82	31	21.342	0.052083	0.000629
S13-1	1	S13	Neisseria_subflava	C5|C7|C8	0.545766	0.66	33	175.720	0.428824	0.012039
S13-1	1	S13	Neisseria_subflava	C1	0.454234	0.57	365	146.250	0.356905	0.009116
S13-1	1	S13	Prevotella_melaninogenica	C0|C2|C3|C4|C5|C6|C7|C10	0.426031	0.83	29	3.800	0.009273	0.000165
S13-1	1	S13	Prevotella_melaninogenica	C8|C9	0.421909	0.53	190	3.763	0.009184	0.000158
S13-1	1	S13	Prevotella_melaninogenica	C1	0.152060	0.43	290	1.356	0.003310	0.000051
S13-1	1	S13	Streptococcus_gordonii	C11	0.535829	0.12	8	0.262	0.000638	0.000005
S13-1	1	S13	Streptococcus_gordonii	C0	0.464171	0.12	16	0.227	0.000553	0.000004
S13-1	1	S13	Streptococcus_parasanguinis	C0|C9	0.607262	0.17	12	0.377	0.000920	0.000010
S13-1	1	S13	Streptococcus_parasanguinis	C4	0.392738	0.12	14	0.244	0.000595	0.000006
S13-1	1	S13	Streptococcus_salivarius	C0	0.588652	0.32	35	0.815	0.001988	0.000017
S13-1	1	S13	Streptococcus_salivarius	C1	0.234939	0.18	22	0.325	0.000794	0.000007
S13-1	1	S13	Streptococcus_salivarius	C2	0.176409	0.19	16	0.244	0.000596	0.000005
S13-1	1	S13	Veillonella_atypica	C2	0.664748	0.20	33	0.315	0.000769	0.000008
S13-1	1	S13	Veillonella_atypica	C1	0.335252	0.13	19	0.159	0.000388	0.000004
S13-1	1	S13	Veillonella_parvula	C10	1.000000	0.11	10	0.223	0.000545	0.000006
S13-2	2	S13	Actinomyces_odontolyticus	C1|C3|C7	1.000000	0.17	35	0.211	0.023015	0.000086
S13-2	2	S13	Fusobacterium_nucleatum	C4	1.000000	0.33	8	0.958	0.104766	0.000004
S13-2	2	S13	Granulicatella_adiacens	C8|C9	0.513030	0.12	13	0.219	0.023946	0.000019
S13-2	2	S13	Granulicatella_adiacens	C4	0.486970	0.14	14	0.208	0.022730	0.000015
S13-2	2	S13	Neisseria_subflava	C5|C7|C8	1.000000	0.50	25	5.740	0.627502	0.001406
S13-2	2	S13	Prevotella_melaninogenica	C8|C9	0.542354	0.12	44	0.270	0.029538	0.000041
S13-2	2	S13	Prevotella_melaninogenica	C1	0.457646	0.15	105	0.228	0.024925	0.000031
S13-2	2	S13	Rothia_dentocariosa	C2|C5	1.000000	0.26	39	0.547	0.059762	0.000150
S13-2	2	S13	Streptococcus_oralis	C17	0.432839	0.18	40	0.332	0.036279	0.000025
S13-2	2	S13	Streptococcus_oralis	C16	0.347337	0.15	28	0.266	0.029113	0.000018
S13-2	2	S13	Streptococcus_oralis	C19	0.219824	0.11	10	0.169	0.018425	0.000013
S13-6	6	S13	Actinomyces_odontolyticus	C6	0.554264	0.53	1275	2.596	0.005692	0.000355
S13-6	6	S13	Actinomyces_odontolyticus	C1|C7	0.445736	0.45	102	2.088	0.004577	0.000281
S13-6	6	S13	Gemella_haemolysans	C7	0.668246	0.57	8	13.429	0.029443	0.000113
S13-6	6	S13	Gemella_haemolysans	C2	0.331754	0.52	11	6.667	0.014617	0.000064
S13-6	6	S13	Granulicatella_adiacens	C8|C9	1.000000	0.62	65	10.914	0.023930	0.000325
S13-6	6	S13	Haemophilus_parainfluenzae	C3|C4	0.790745	0.58	22	120.474	0.264146	0.004374
S13-6	6	S13	Haemophilus_parainfluenzae	C14|C15	0.209255	0.55	23	31.881	0.069901	0.001181
S13-6	6	S13	Neisseria_subflava	C0|C3	0.699203	0.57	44	65.597	0.143826	0.005556
S13-6	6	S13	Neisseria_subflava	C5|C7|C8	0.300797	0.50	25	28.220	0.061874	0.002382
S13-6	6	S13	Prevotella_melaninogenica	C0|C2|C3|C4|C5|C6|C7|C10	0.735002	0.91	32	13.629	0.029881	0.000727
S13-6	6	S13	Prevotella_melaninogenica	C8|C9	0.264998	0.65	232	4.914	0.010773	0.000254
S13-6	6	S13	Rothia_mucilaginosa	C5|C12	0.519850	0.52	23	25.364	0.055611	0.002326
S13-6	6	S13	Rothia_mucilaginosa	C11	0.331897	0.65	412	16.193	0.035505	0.001463
S13-6	6	S13	Rothia_mucilaginosa	C1|C10	0.148253	0.51	77	7.233	0.015860	0.000662
S13-6	6	S13	Streptococcus_mitis	C1|C7	1.000000	0.65	24	95.919	0.210308	0.002135
S13-6	6	S13	Streptococcus_oralis	C17	1.000000	0.54	110	10.301	0.022585	0.000268
S13-6	6	S13	Streptococcus_parasanguinis	C1	0.567568	0.14	13	0.260	0.000571	0.000008
S13-6	6	S13	Streptococcus_parasanguinis	C6	0.432432	0.10	13	0.198	0.000435	0.000006
S13-6	6	S13	Streptococcus_salivarius	C1	1.000000	0.11	13	0.211	0.000463	0.000005
S13-7	7	S13	Actinomyces_odontolyticus	C1|C2|C3|C7	1.000000	0.50	23	2.000	0.030036	0.000860
S13-7	7	S13	Gemella_haemolysans	C10	1.000000	0.25	11	0.614	0.009216	0.000017
S13-7	7	S13	Granulicatella_adiacens	C8|C9	0.770819	0.56	59	4.895	0.073516	0.000447
S13-7	7	S13	Granulicatella_adiacens	C4	0.174334	0.35	29	1.107	0.016627	0.000083
S13-7	7	S13	Granulicatella_adiacens	C6	0.054847	0.16	14	0.348	0.005231	0.000028
S13-7	7	S13	Neisseria_subflava	C5|C7|C8	1.000000	0.60	30	32.860	0.493490	0.008490
S13-7	7	S13	Prevotella_melaninogenica	C0|C2|C3|C4|C5|C6|C7|C10	0.751560	0.89	31	14.571	0.218833	0.002380
S13-7	7	S13	Prevotella_melaninogenica	C9	0.248440	0.51	238	4.817	0.072339	0.000763
S13-7	7	S13	Streptococcus_parasanguinis	C9	0.510013	0.17	20	0.391	0.005877	0.000040
S13-7	7	S13	Streptococcus_parasanguinis	C15	0.489987	0.17	23	0.376	0.005646	0.000038
S13-7	7	S13	Streptococcus_salivarius	C1	1.000000	0.24	30	0.537	0.008058	0.000041
S13-7	7	S13	Streptococcus_sanguinis	C4	1.000000	0.50	58	3.365	0.050539	0.000380
S13-7	7	S13	Veillonella_atypica	C10	0.559585	0.12	10	0.212	0.003180	0.000014
S13-7	7	S13	Veillonella_atypica	C7	0.440415	0.11	9	0.167	0.002503	0.000016
S13-7	7	S13	Veillonella_parvula	C7	1.000000	0.14	15	0.327	0.004910	0.000033
S13-9	9	S13	Actinomyces_odontolyticus	C4	1.000000	0.23	555	0.564	0.001386	0.000064
S13-9	9	S13	Fusobacterium_nucleatum	C4	1.000000	0.62	14	10.500	0.025814	0.000014
S13-9	9	S13	Gemella_haemolysans	C3|C4	1.000000	0.60	24	8.550	0.021020	0.000083
S13-9	9	S13	Haemophilus_parainfluenzae	C14|C15	1.000000	0.52	22	4.905	0.012058	0.000159
S13-9	9	S13	Neisseria_subflava	C1	0.569010	0.54	343	134.532	0.330747	0.009021
S13-9	9	S13	Neisseria_subflava	C5|C7|C8	0.430990	0.62	31	101.900	0.250521	0.007510
S13-9	9	S13	Prevotella_melaninogenica	C9	0.422243	0.53	247	46.369	0.113997	0.002097
S13-9	9	S13	Prevotella_melaninogenica	C8	0.319660	0.57	255	35.103	0.086301	0.001553
S13-9	9	S13	Prevotella_melaninogenica	C0|C2|C3|C4|C5|C6|C7|C10	0.258097	0.86	30	28.343	0.069681	0.001320
S13-9	9	S13	Streptococcus_gordonii	C4	1.000000	0.17	10	0.356	0.000875	0.000008
S13-9	9	S13	Streptococcus_mitis	C1|C7	1.000000	0.62	23	21.027	0.051695	0.000409
S13-9	9	S13	Streptococcus_oralis	C17	1.000000	0.56	118	13.938	0.034267	0.000316
S13-9	9	S13	Streptococcus_salivarius	C0|C1	1.000000	0.38	8	0.667	0.001639	0.000015
S17-11	11	S17	Actinomyces_odontolyticus	C1|C3|C7	1.000000	0.19	39	0.306	0.007564	0.000087
S17-11	11	S17	Fusobacterium_nucleatum	C4	1.000000	0.38	9	0.792	0.019555	0.000002
S17-11	11	S17	Gemella_haemolysans	C0|C5|C10	0.589497	0.41	20	1.592	0.039320	0.000033
S17-11	11	S17	Gemella_haemolysans	C4	0.248907	0.33	20	0.672	0.016602	0.000015
S17-11	11	S17	Gemella_haemolysans	C3	0.161596	0.20	11	0.436	0.010779	0.000010
S17-11	11	S17	Granulicatella_adiacens	C4	0.388631	0.23	19	0.405	0.009998	0.000020
S17-11	11	S17	Granulicatella_adiacens	C7	0.227403	0.13	10	0.237	0.005850	0.000012
S17-11	11	S17	Granulicatella_adiacens	C9	0.209394	0.10	38	0.218	0.005387	0.000012
S17-11	11	S17	Granulicatella_adiacens	C2	0.174572	0.10	10	0.182	0.004491	0.000009
S17-11	11	S17	Haemophilus_parainfluenzae	C14|C15	1.000000	0.64	27	9.286	0.229368	0.000693
S17-11	11	S17	Neisseria_subflava	C5|C7|C8	1.000000	0.60	30	10.300	0.254422	0.001751
S17-11	11	S17	Prevotella_melaninogenica	C1	0.649028	0.24	166	0.491	0.012133	0.000046
S17-11	11	S17	Prevotella_melaninogenica	C10	0.350972	0.12	48	0.266	0.006561	0.000028
S17-11	11	S17	Rothia_dentocariosa	C2|C5	1.000000	0.65	44	5.706	0.140942	0.001086
S17-11	11	S17	Rothia_mucilaginosa	C1|C10	1.000000	0.55	83	6.880	0.169944	0.001269
S17-11	11	S17	Streptococcus_oralis	C19	1.000000	0.11	10	0.247	0.006106	0.000013
S17-11	11	S17	Streptococcus_sanguinis	C4	0.773390	0.41	47	1.435	0.035441	0.000107
S17-11	11	S17	Streptococcus_sanguinis	C7	0.135605	0.13	21	0.252	0.006214	0.000018
S17-11	11	S17	Streptococcus_sanguinis	C3	0.091005	0.12	9	0.169	0.004170	0.000012
S17-11	11	S17	Veillonella_parvula	C12	0.583726	0.21	17	0.358	0.008844	0.000023
S17-11	11	S17	Veillonella_parvula	C10	0.416274	0.14	13	0.255	0.006307	0.000016
S17-12	12	S17	Actinomyces_odontolyticus	C1|C2|C3|C7	1.000000	0.39	39	1.287	0.002988	0.000345
S17-12	12	S17	Fusobacterium_nucleatum	C4	1.000000	0.58	14	1.667	0.003870	0.000005
S17-12	12	S17	Gemella_haemolysans	C13	1.000000	0.19	8	0.286	0.000663	0.000005
S17-12	12	S17	Haemophilus_parainfluenzae	C3|C4	0.489825	0.63	24	65.579	0.152257	0.004536
S17-12	12	S17	Haemophilus_parainfluenzae	C14|C15	0.328469	0.69	29	43.976	0.102101	0.003103
S17-12	12	S17	Haemophilus_parainfluenzae	C2|C16|C17	0.181706	0.73	40	24.327	0.056482	0.001840
S17-12	12	S17	Neisseria_subflava	C5|C7|C8	0.790329	0.58	29	140.900	0.327133	0.022657
S17-12	12	S17	Neisseria_subflava	C4	0.209671	0.54	325	37.380	0.086787	0.006014
S17-12	12	S17	Prevotella_melaninogenica	C0|C2|C3|C4|C5|C6|C7|C10	0.754280	0.34	12	0.657	0.001526	0.000067
S17-12	12	S17	Prevotella_melaninogenica	C1	0.245720	0.12	82	0.214	0.000497	0.000019
S17-12	12	S17	Rothia_dentocariosa	C2|C5	1.000000	0.74	50	51.691	0.120013	0.009304
S17-12	12	S17	Streptococcus_mitis	C1|C7	1.000000	0.70	26	30.838	0.071597	0.001308
S17-12	12	S17	Streptococcus_sanguinis	C15|C22	1.000000	0.81	88	31.385	0.072869	0.002200
S17-12	12	S17	Veillonella_parvula	C7	0.697404	0.18	19	0.365	0.000848	0.000023
S17-12	12	S17	Veillonella_parvula	C8	0.302596	0.11	9	0.159	0.000368	0.000010
S17-14	14	S17	Actinomyces_odontolyticus	C1|C7	1.000000	0.48	110	1.991	0.005543	0.000147
S17-14	14	S17	Gemella_haemolysans	C0|C5|C10	0.594921	0.61	30	26.327	0.073291	0.000147
S17-14	14	S17	Gemella_haemolysans	C8	0.382481	0.53	64	16.926	0.047120	0.000086
S17-14	14	S17	Gemella_haemolysans	C3	0.022598	0.35	19	1.000	0.002784	0.000006
S17-14	14	S17	Granulicatella_adiacens	C8|C9	1.000000	0.71	75	6.771	0.018851	0.000111
S17-14	14	S17	Haemophilus_parainfluenzae	C14|C15	0.685382	0.64	27	5.905	0.016438	0.000120
S17-14	14	S17	Haemophilus_parainfluenzae	C3|C4	0.314618	0.50	19	2.711	0.007546	0.000054
S17-14	14	S17	Neisseria_subflava	C0|C3	0.534523	0.52	40	19.935	0.055498	0.000926
S17-14	14	S17	Neisseria_subflava	C5|C7|C8	0.465477	0.62	31	17.360	0.048329	0.000804
S17-14	14	S17	Prevotella_melaninogenica	C0|C2|C3|C4|C5|C6|C7|C10	0.681335	1.00	35	134.829	0.375354	0.003947
S17-14	14	S17	Prevotella_melaninogenica	C9	0.180897	0.52	239	35.797	0.099658	0.001017
S17-14	14	S17	Prevotella_melaninogenica	C8	0.137769	0.53	237	27.263	0.075898	0.000758
S17-14	14	S17	Rothia_dentocariosa	C3	1.000000	0.64	198	3.306	0.009204	0.000163
S17-14	14	S17	Streptococcus_mitis	C1|C7	1.000000	0.62	23	51.216	0.142583	0.000625
S17-14	14	S17	Streptococcus_parasanguinis	C0|C1|C9|C15	1.000000	0.74	31	7.262	0.020217	0.000134
S17-14	14	S17	Streptococcus_sanguinis	C0	0.590859	0.16	20	0.358	0.000996	0.000007
S17-14	14	S17	Streptococcus_sanguinis	C15|C22	0.409141	0.11	12	0.248	0.000690	0.000005
S17-1	1	S17	Actinomyces_odontolyticus	C5	0.894837	0.54	1380	3.033	0.001798	0.000226
S17-1	1	S17	Actinomyces_odontolyticus	C6	0.105163	0.17	401	0.356	0.000211	0.000025
S17-1	1	S17	Fusobacterium_nucleatum	C4	0.906593	0.67	16	18.333	0.010868	0.000014
S17-1	1	S17	Fusobacterium_nucleatum	C1	0.093407	0.44	8	1.889	0.001120	0.000002
S17-1	1	S17	Gemella_haemolysans	C8	0.542950	0.63	76	128.628	0.076251	0.000601
S17-1	1	S17	Gemella_haemolysans	C0|C5|C10	0.407980	0.80	39	96.653	0.057296	0.000495
S17-1	1	S17	Gemella_haemolysans	C3|C4	0.049070	0.53	21	11.625	0.006891	0.000065
S17-1	1	S17	Granulicatella_adiacens	C8|C9	1.000000	0.51	54	11.781	0.006984	0.000177
S17-1	1	S17	Haemophilus_parainfluenzae	C4	0.419473	0.52	97	90.695	0.053764	0.001658
S17-1	1	S17	Haemophilus_parainfluenzae	C14|C15	0.351837	0.55	23	76.071	0.045095	0.001419
S17-1	1	S17	Haemophilus_parainfluenzae	C2|C16	0.228690	0.53	49	49.446	0.029312	0.000988
S17-1	1	S17	Neisseria_subflava	C5|C7|C8	0.538752	0.74	37	516.920	0.306431	0.021963
S17-1	1	S17	Neisseria_subflava	C1	0.461248	0.67	428	442.557	0.262349	0.017107
S17-1	1	S17	Prevotella_melaninogenica	C0|C2|C3|C4|C5|C6|C7|C10	0.570348	0.94	33	28.571	0.016937	0.000767
S17-1	1	S17	Prevotella_melaninogenica	C1	0.232755	0.62	423	11.660	0.006912	0.000275
S17-1	1	S17	Prevotella_melaninogenica	C8|C9	0.196897	0.80	286	9.864	0.005847	0.000257
S17-1	1	S17	Streptococcus_mitis	C1|C7	1.000000	0.62	23	186.459	0.110534	0.002089
S17-1	1	S17	Streptococcus_salivarius	C10	0.579505	0.17	11	0.381	0.000226	0.000005
S17-1	1	S17	Streptococcus_salivarius	C1	0.420495	0.12	15	0.276	0.000164	0.000004
S17-1	1	S17	Veillonella_atypica	C2	0.378702	0.20	33	0.479	0.000284	0.000008
S17-1	1	S17	Veillonella_atypica	C1	0.335241	0.23	35	0.424	0.000251	0.000007
S17-1	1	S17	Veillonella_atypica	C4	0.163647	0.13	15	0.207	0.000123	0.000003
S17-1	1	S17	Veillonella_atypica	C7	0.122410	0.11	9	0.155	0.000092	0.000002
S17-1	1	S17	Veillonella_parvula	C6	1.000000	0.19	14	0.438	0.000260	0.000007
S17-2	2	S17	Actinomyces_odontolyticus	C1|C2|C3|C7	1.000000	0.42	42	0.713	0.019819	0.000232
S17-2	2	S17	Granulicatella_adiacens	C4	0.351198	0.21	21	0.366	0.010185	0.000021
S17-2	2	S17	Granulicatella_adiacens	C2	0.329243	0.17	17	0.343	0.009548	0.000020
S17-2	2	S17	Granulicatella_adiacens	C8|C9	0.319559	0.18	19	0.333	0.009267	0.000023
S17-2	2	S17	Haemophilus_parainfluenzae	C3|C4	0.858141	0.53	20	4.289	0.119253	0.000361
S17-2	2	S17	Haemophilus_parainfluenzae	C2|C16|C17	0.141859	0.27	15	0.709	0.019714	0.000065
S17-2	2	S17	Neisseria_subflava	C5|C7|C8	1.000000	0.54	27	12.960	0.360304	0.002539
S17-2	2	S17	Prevotella_melaninogenica	C1	0.639123	0.44	303	1.444	0.040153	0.000157
S17-2	2	S17	Prevotella_melaninogenica	C0|C3	0.254784	0.27	9	0.576	0.016007	0.000069
S17-2	2	S17	Prevotella_melaninogenica	C2	0.106093	0.11	36	0.240	0.006665	0.000028
S17-2	2	S17	Rothia_dentocariosa	C5	1.000000	0.21	57	0.421	0.011711	0.000091
S17-2	2	S17	Rothia_mucilaginosa	C1|C10	1.000000	0.54	81	7.300	0.202949	0.001552
S17-2	2	S17	Streptococcus_mitis	C1|C7	1.000000	0.51	19	5.486	0.152531	0.000283
S17-2	2	S17	Streptococcus_oralis	C19	0.385213	0.15	13	0.303	0.008434	0.000018
S17-2	2	S17	Streptococcus_oralis	C16	0.331246	0.15	27	0.261	0.007253	0.000014
S17-2	2	S17	Streptococcus_oralis	C18	0.283542	0.11	11	0.223	0.006208	0.000014
S17-6	6	S17	Actinomyces_odontolyticus	C1|C7	0.703908	0.52	118	10.351	0.012320	0.000946
S17-6	6	S17	Actinomyces_odontolyticus	C6	0.296092	0.55	1339	4.354	0.005182	0.000405
S17-6	6	S17	Gemella_haemolysans	C7	0.597273	0.57	8	31.286	0.037237	0.000178
S17-6	6	S17	Gemella_haemolysans	C2	0.402727	0.52	11	21.095	0.025108	0.000136
S17-6	6	S17	Granulicatella_adiacens	C8|C9	1.000000	0.70	73	39.676	0.047224	0.000803
S17-6	6	S17	Haemophilus_parainfluenzae	C3|C4	0.804433	0.68	26	139.658	0.166225	0.003442
S17-6	6	S17	Haemophilus_parainfluenzae	C14|C15	0.195567	0.71	30	33.952	0.040411	0.000854
S17-6	6	S17	Neisseria_subflava	C0|C3	0.456905	0.57	44	154.117	0.183435	0.008861
S17-6	6	S17	Neisseria_subflava	C1	0.360768	0.51	328	121.689	0.144838	0.006343
S17-6	6	S17	Neisseria_subflava	C5|C7|C8	0.182327	0.64	32	61.500	0.073199	0.003524
S17-6	6	S17	Prevotella_melaninogenica	C0|C2|C3|C4|C5|C6|C7|C10	0.754270	0.97	34	64.229	0.076447	0.002326
S17-6	6	S17	Prevotella_melaninogenica	C1	0.180045	0.57	389	15.331	0.018248	0.000487
S17-6	6	S17	Prevotella_melaninogenica	C8|C9	0.065685	0.69	248	5.593	0.006657	0.000197
S17-6	6	S17	Rothia_mucilaginosa	C11	1.000000	0.61	382	11.052	0.013155	0.000678
S17-6	6	S17	Streptococcus_gordonii	C1|C2	1.000000	0.30	17	0.825	0.000981	0.000015
S17-6	6	S17	Streptococcus_mitis	C1	1.000000	0.53	59	100.482	0.119597	0.001461
S17-6	6	S17	Streptococcus_oralis	C17	1.000000	0.53	107	19.615	0.023346	0.000346
S17-6	6	S17	Streptococcus_parasanguinis	C0|C1|C9|C15	0.523810	0.67	28	2.619	0.003117	0.000060
S17-6	6	S17	Streptococcus_parasanguinis	C6|C8	0.476190	0.46	29	2.381	0.002834	0.000047
S17-6	6	S17	Streptococcus_salivarius	C1	1.000000	0.17	21	0.366	0.000435	0.000006
S17-7	7	S17	Actinomyces_odontolyticus	C1|C2|C3|C7	1.000000	0.72	33	5.435	0.008036	0.001601
S17-7	7	S17	Gemella_haemolysans	C8	0.537450	0.54	65	9.793	0.014481	0.000191
S17-7	7	S17	Gemella_haemolysans	C0|C5|C10	0.462550	0.67	33	8.429	0.012463	0.000180
S17-7	7	S17	Granulicatella_adiacens	C8|C9	1.000000	0.78	82	23.743	0.035107	0.001484
S17-7	7	S17	Haemophilus_parainfluenzae	C14|C15	0.676942	0.69	29	24.905	0.036825	0.001934
S17-7	7	S17	Haemophilus_parainfluenzae	C19	0.323058	0.68	107	11.885	0.017574	0.000908
S17-7	7	S17	Neisseria_subflava	C5|C7|C8	1.000000	0.74	37	241.780	0.357507	0.042774
S17-7	7	S17	Prevotella_melaninogenica	C0|C2|C3|C4|C5|C6|C7|C10	0.847843	0.97	34	292.143	0.431975	0.032671
S17-7	7	S17	Prevotella_melaninogenica	C1	0.104384	0.54	365	35.968	0.053183	0.003526
S17-7	7	S17	Prevotella_melaninogenica	C9	0.047773	0.61	285	16.461	0.024340	0.001787
S17-7	7	S17	Streptococcus_parasanguinis	C0|C1|C9|C15	0.941240	0.81	34	3.762	0.005563	0.000265
S17-7	7	S17	Streptococcus_parasanguinis	C17	0.058760	0.11	14	0.235	0.000347	0.000016
S17-7	7	S17	Streptococcus_salivarius	C0	0.587678	0.22	28	0.481	0.000711	0.000025
S17-7	7	S17	Streptococcus_salivarius	C2	0.412322	0.15	13	0.337	0.000499	0.000017
S17-7	7	S17	Streptococcus_sanguinis	C4	1.000000	0.36	41	0.939	0.001389	0.000073
S17-9	9	S17	Actinomyces_odontolyticus	C1|C2|C3|C7	0.840952	0.52	24	6.609	0.003791	0.000561
S17-9	9	S17	Actinomyces_odontolyticus	C4	0.159048	0.37	897	1.250	0.000717	0.000098
S17-9	9	S17	Fusobacterium_nucleatum	C4	1.000000	0.67	14	16.500	0.009465	0.000015
S17-9	9	S17	Gemella_haemolysans	C3|C4	1.000000	0.60	24	17.025	0.009766	0.000115
S17-9	9	S17	Haemophilus_parainfluenzae	C3|C4	0.894294	0.53	20	82.789	0.047489	0.001816
S17-9	9	S17	Haemophilus_parainfluenzae	C14|C15	0.105706	0.74	31	9.786	0.005613	0.000219
S17-9	9	S17	Neisseria_subflava	C1	0.422369	0.59	376	424.173	0.243312	0.019683
S17-9	9	S17	Neisseria_subflava	C5|C7|C8	0.333078	0.68	34	334.500	0.191874	0.017061
S17-9	9	S17	Neisseria_subflava	C0|C3	0.244553	0.56	43	245.597	0.140878	0.012570
S17-9	9	S17	Prevotella_melaninogenica	C1	0.599790	0.56	381	334.120	0.191656	0.009443
S17-9	9	S17	Prevotella_melaninogenica	C9	0.149712	0.58	267	83.399	0.047839	0.002610
S17-9	9	S17	Prevotella_melaninogenica	C0|C2|C3|C4|C5|C6|C7|C10	0.127352	0.91	32	70.943	0.040694	0.002287
S17-9	9	S17	Prevotella_melaninogenica	C8	0.123146	0.62	275	68.600	0.039350	0.002100
S17-9	9	S17	Streptococcus_mitis	C1	1.000000	0.50	56	24.384	0.013987	0.000316
S17-9	9	S17	Streptococcus_oralis	C17	1.000000	0.59	126	23.429	0.013439	0.000368
S17-9	9	S17	Streptococcus_sanguinis	C17|C19	1.000000	0.11	10	0.227	0.000130	0.000005
S9-11	11	S9	Actinomyces_odontolyticus	C1|C3|C7	1.000000	0.32	67	0.627	0.017952	0.000215
S9-11	11	S9	Fusobacterium_nucleatum	C4	1.000000	0.38	9	1.208	0.034608	0.000004
S9-11	11	S9	Granulicatella_adiacens	C8|C9	0.622642	0.23	24	0.400	0.011457	0.000029
S9-11	11	S9	Granulicatella_adiacens	C2	0.377358	0.13	13	0.242	0.006943	0.000015
S9-11	11	S9	Neisseria_subflava	C5|C7|C8	1.000000	0.56	28	6.680	0.191325	0.001378
S9-11	11	S9	Prevotella_melaninogenica	C0|C3|C10	1.000000	0.23	11	0.375	0.010741	0.000048
S9-11	11	S9	Rothia_dentocariosa	C2|C5	1.000000	0.50	34	2.235	0.064022	0.000516
S9-11	11	S9	Rothia_mucilaginosa	C1|C10	1.000000	0.65	98	13.247	0.379404	0.002964
S9-11	11	S9	Streptococcus_oralis	C8	1.000000	0.16	8	0.294	0.008424	0.000019
S9-11	11	S9	Streptococcus_sanguinis	C4	1.000000	0.60	69	9.374	0.268483	0.000845
S9-11	11	S9	Veillonella_dispar	C2	1.000000	0.12	8	0.232	0.006641	0.000011
S9-12	12	S9	Fusobacterium_nucleatum	C4	0.510204	0.67	16	2.083	0.142074	0.000007
S9-12	12	S9	Fusobacterium_nucleatum	C18	0.489796	0.44	8	2.000	0.136391	0.000007
S9-12	12	S9	Haemophilus_parainfluenzae	C3|C4	0.957994	0.53	20	7.421	0.506083	0.000570
S9-12	12	S9	Haemophilus_parainfluenzae	C15	0.042006	0.15	19	0.325	0.022191	0.000024
S9-12	12	S9	Prevotella_melaninogenica	C0|C3|C10	1.000000	0.35	17	0.542	0.036939	0.000060
S9-12	12	S9	Rothia_dentocariosa	C5	1.000000	0.28	76	0.509	0.034722	0.000100
S9-12	12	S9	Streptococcus_mitis	C1|C7	1.000000	0.22	8	0.432	0.029490	0.000020
S9-12	12	S9	Streptococcus_sanguinis	C15	0.632394	0.22	23	0.495	0.033773	0.000039
S9-12	12	S9	Streptococcus_sanguinis	C22	0.367606	0.16	21	0.288	0.019632	0.000022
S9-12	12	S9	Veillonella_dispar	C10	0.540347	0.16	24	0.307	0.020913	0.000018
S9-12	12	S9	Veillonella_dispar	C2	0.459653	0.12	8	0.261	0.017790	0.000011
S9-14	14	S9	Actinomyces_odontolyticus	C1	0.754941	0.32	549	0.805	0.004784	0.000090
S9-14	14	S9	Actinomyces_odontolyticus	C3	0.245059	0.12	210	0.261	0.001553	0.000030
S9-14	14	S9	Fusobacterium_nucleatum	C4	1.000000	0.62	14	18.958	0.112672	0.000023
S9-14	14	S9	Granulicatella_adiacens	C8|C9	1.000000	0.70	73	4.629	0.027508	0.000114
S9-14	14	S9	Haemophilus_parainfluenzae	C14|C15	1.000000	0.57	24	3.810	0.022641	0.000117
S9-14	14	S9	Neisseria_subflava	C0|C3	1.000000	0.52	40	33.961	0.201836	0.002378
S9-14	14	S9	Prevotella_melaninogenica	C9	0.403013	0.51	237	34.787	0.206742	0.001489
S9-14	14	S9	Prevotella_melaninogenica	C0	0.312979	0.51	166	27.015	0.160556	0.001155
S9-14	14	S9	Prevotella_melaninogenica	C8	0.284008	0.50	223	24.515	0.145694	0.001026
S9-14	14	S9	Rothia_dentocariosa	C3	0.695338	0.43	131	0.993	0.005904	0.000074
S9-14	14	S9	Rothia_dentocariosa	C1	0.304662	0.21	72	0.435	0.002587	0.000033
S9-14	14	S9	Streptococcus_gordonii	C4	1.000000	0.18	9	0.449	0.002668	0.000009
S9-14	14	S9	Streptococcus_parasanguinis	C0|C1|C9|C15	1.000000	0.81	34	17.643	0.104854	0.000491
S9-1	1	S9	Actinomyces_odontolyticus	C1|C2|C3|C7	0.795337	0.30	14	0.891	0.004352	0.000133
S9-1	1	S9	Actinomyces_odontolyticus	C5|C8	0.204663	0.14	124	0.229	0.001120	0.000036
S9-1	1	S9	Fusobacterium_nucleatum	C4	1.000000	0.62	13	11.125	0.054319	0.000017
S9-1	1	S9	Gemella_haemolysans	C8	0.618845	0.56	68	11.752	0.057381	0.000116
S9-1	1	S9	Gemella_haemolysans	C0|C5|C10	0.324548	0.71	35	6.163	0.030093	0.000067
S9-1	1	S9	Gemella_haemolysans	C3|C4	0.056608	0.35	14	1.075	0.005249	0.000013
S9-1	1	S9	Granulicatella_adiacens	C4	1.000000	0.12	10	0.214	0.001046	0.000006
S9-1	1	S9	Haemophilus_parainfluenzae	C3|C4	1.000000	0.79	30	19.184	0.093669	0.000742
S9-1	1	S9	Neisseria_subflava	C5|C7|C8	0.603539	0.64	32	86.760	0.423614	0.007798
S9-1	1	S9	Neisseria_subflava	C1	0.396461	0.52	330	56.992	0.278270	0.004660
S9-1	1	S9	Prevotella_melaninogenica	C0|C2|C3|C4|C5|C6|C7|C10	0.801737	0.89	31	5.514	0.026924	0.000313
S9-1	1	S9	Prevotella_melaninogenica	C1	0.198263	0.41	283	1.364	0.006658	0.000068
S9-1	1	S9	Streptococcus_oralis	C16	1.000000	0.20	37	0.495	0.002415	0.000013
S9-1	1	S9	Streptococcus_salivarius	C1	0.434139	0.17	21	0.390	0.001905	0.000010
S9-1	1	S9	Streptococcus_salivarius	C10	0.300193	0.14	9	0.270	0.001318	0.000007
S9-1	1	S9	Streptococcus_salivarius	C3	0.265667	0.12	8	0.239	0.001166	0.000006
S9-1	1	S9	Veillonella_atypica	C2	0.372502	0.24	39	0.582	0.002841	0.000020
S9-1	1	S9	Veillonella_atypica	C1	0.368879	0.30	45	0.576	0.002813	0.000020
S9-1	1	S9	Veillonella_atypica	C7	0.137194	0.14	12	0.214	0.001046	0.000007
S9-1	1	S9	Veillonella_atypica	C4	0.121425	0.11	13	0.190	0.000926	0.000007
S9-1	1	S9	Veillonella_dispar	C6	1.000000	0.16	22	0.358	0.001746	0.000010
S9-1	1	S9	Veillonella_parvula	C9	1.000000	0.16	15	0.232	0.001131	0.000008
S9-2	2	S9	Actinomyces_odontolyticus	C1|C3|C7	1.000000	0.27	57	0.612	0.025534	0.000181
S9-2	2	S9	Fusobacterium_nucleatum	C18	1.000000	0.56	10	2.722	0.113495	0.000009
S9-2	2	S9	Granulicatella_adiacens	C8|C9	1.000000	0.22	23	0.410	0.017074	0.000026
S9-2	2	S9	Neisseria_subflava	C5|C7|C8	1.000000	0.60	30	12.280	0.511980	0.002182
S9-2	2	S9	Prevotella_melaninogenica	C1	0.643025	0.46	311	1.544	0.064372	0.000152
S9-2	2	S9	Prevotella_melaninogenica	C0|C2|C3|C4|C5|C6|C7|C10	0.356975	0.46	16	0.857	0.035736	0.000096
S9-2	2	S9	Rothia_mucilaginosa	C1|C10	1.000000	0.51	77	5.560	0.231808	0.001072
S9-6	6	S9	Actinomyces_odontolyticus	C6	0.517005	0.68	1651	13.850	0.009321	0.001304
S9-6	6	S9	Actinomyces_odontolyticus	C1|C7	0.482995	0.54	123	12.939	0.008708	0.001198
S9-6	6	S9	Fusobacterium_nucleatum	C4	1.000000	0.54	12	5.375	0.003618	0.000005
S9-6	6	S9	Gemella_haemolysans	C2	1.000000	0.52	11	8.381	0.005641	0.000055
S9-6	6	S9	Granulicatella_adiacens	C8|C9	1.000000	0.70	73	30.295	0.020390	0.000621
S9-6	6	S9	Haemophilus_parainfluenzae	C3|C4	0.689863	0.66	25	109.842	0.073929	0.002742
S9-6	6	S9	Haemophilus_parainfluenzae	C14|C15	0.310137	0.69	29	49.381	0.033236	0.001258
S9-6	6	S9	Neisseria_subflava	C0|C3	1.000000	0.51	39	141.351	0.095136	0.008232
S9-6	6	S9	Prevotella_melaninogenica	C10	0.326141	0.53	178	293.283	0.197393	0.010551
S9-6	6	S9	Prevotella_melaninogenica	C0	0.300602	0.56	183	270.317	0.181936	0.009615
S9-6	6	S9	Prevotella_melaninogenica	C1	0.138060	0.61	415	124.151	0.083559	0.003992
S9-6	6	S9	Prevotella_melaninogenica	C2	0.126011	0.54	170	113.315	0.076267	0.003935
S9-6	6	S9	Prevotella_melaninogenica	C9	0.069665	0.55	256	62.647	0.042164	0.002230
S9-6	6	S9	Prevotella_melaninogenica	C8	0.039521	0.62	274	35.539	0.023920	0.001238
S9-6	6	S9	Rothia_mucilaginosa	C5|C12	0.730142	0.52	23	69.614	0.046853	0.004390
S9-6	6	S9	Rothia_mucilaginosa	C11	0.269858	0.67	423	25.729	0.017317	0.001598
S9-6	6	S9	Streptococcus_gordonii	C3|C4	0.669157	0.80	8	2.200	0.001481	0.000037
S9-6	6	S9	Streptococcus_gordonii	C1|C2	0.186766	0.25	14	0.614	0.000413	0.000011
S9-6	6	S9	Streptococcus_gordonii	C5|C10	0.144077	0.24	9	0.474	0.000319	0.000008
S9-6	6	S9	Streptococcus_mitis	C1	1.000000	0.50	56	51.607	0.034734	0.000760
S9-6	6	S9	Streptococcus_oralis	C17	1.000000	0.51	105	12.323	0.008294	0.000220
S9-6	6	S9	Streptococcus_parasanguinis	C0|C1|C9|C15	0.899728	0.93	39	47.286	0.031825	0.001094
S9-6	6	S9	Streptococcus_parasanguinis	C6|C8	0.100272	0.67	42	5.270	0.003547	0.000106
S9-7	7	S9	Gemella_haemolysans	C0	0.521592	0.33	42	0.874	0.009344	0.000019
S9-7	7	S9	Gemella_haemolysans	C8	0.478408	0.31	37	0.802	0.008571	0.000016
S9-7	7	S9	Granulicatella_adiacens	C8|C9	0.842274	0.53	56	3.286	0.035128	0.000204
S9-7	7	S9	Granulicatella_adiacens	C4	0.103758	0.24	20	0.405	0.004327	0.000021
S9-7	7	S9	Granulicatella_adiacens	C7	0.053967	0.11	8	0.211	0.002251	0.000011
S9-7	7	S9	Neisseria_subflava	C5|C7|C8	1.000000	0.64	32	39.920	0.426792	0.007026
S9-7	7	S9	Prevotella_melaninogenica	C0|C2|C3|C4|C5|C6|C7|C10	0.797130	0.97	34	34.229	0.365944	0.003808
S9-7	7	S9	Prevotella_melaninogenica	C9	0.202870	0.57	266	8.711	0.093133	0.000941
S9-7	7	S9	Rothia_dentocariosa	C2|C5|C10|C12	0.728691	0.24	12	0.440	0.004704	0.000087
S9-7	7	S9	Rothia_dentocariosa	C4	0.271309	0.11	33	0.164	0.001751	0.000032
S9-7	7	S9	Streptococcus_oralis	C6	0.529017	0.14	11	0.244	0.002604	0.000013
S9-7	7	S9	Streptococcus_oralis	C9	0.470983	0.11	9	0.217	0.002319	0.000012
S9-7	7	S9	Streptococcus_parasanguinis	C1	0.516305	0.15	14	0.323	0.003452	0.000021
S9-7	7	S9	Streptococcus_parasanguinis	C4	0.483695	0.13	16	0.303	0.003234	0.000020
S9-7	7	S9	Streptococcus_salivarius	C0	0.322560	0.33	36	0.954	0.010196	0.000050
S9-7	7	S9	Streptococcus_salivarius	C1	0.211730	0.28	34	0.626	0.006693	0.000033
S9-7	7	S9	Streptococcus_salivarius	C11|C12	0.142803	0.18	8	0.422	0.004514	0.000023
S9-7	7	S9	Streptococcus_salivarius	C6	0.136898	0.18	15	0.405	0.004327	0.000020
S9-7	7	S9	Streptococcus_salivarius	C5	0.100113	0.14	17	0.296	0.003165	0.000016
S9-7	7	S9	Streptococcus_salivarius	C10	0.085897	0.14	9	0.254	0.002715	0.000013
S9-7	7	S9	Streptococcus_sanguinis	C4	1.000000	0.25	29	0.452	0.004834	0.000035
S9-9	9	S9	Actinomyces_odontolyticus	C4	1.000000	0.24	575	0.532	0.000426	0.000045
S9-9	9	S9	Fusobacterium_nucleatum	C4	0.933333	0.67	14	14.000	0.011210	0.000013
S9-9	9	S9	Fusobacterium_nucleatum	C18	0.066667	0.44	8	1.000	0.000801	0.000001
S9-9	9	S9	Haemophilus_parainfluenzae	C14|C15	1.000000	0.60	25	8.881	0.007111	0.000213
S9-9	9	S9	Neisseria_subflava	C1	0.582669	0.59	373	526.611	0.421654	0.026175
S9-9	9	S9	Neisseria_subflava	C5|C7|C8	0.417331	0.66	33	377.180	0.302006	0.020607
S9-9	9	S9	Prevotella_melaninogenica	C1	0.359556	0.52	352	102.383	0.081977	0.003100
S9-9	9	S9	Prevotella_melaninogenica	C9	0.271679	0.57	266	77.360	0.061942	0.002593
S9-9	9	S9	Prevotella_melaninogenica	C0|C2|C3|C4|C5|C6|C7|C10	0.187434	0.97	34	53.371	0.042734	0.001843
S9-9	9	S9	Prevotella_melaninogenica	C8	0.181331	0.61	270	51.634	0.041343	0.001693
S9-9	9	S9	Streptococcus_mitis	C1|C7	1.000000	0.57	21	15.486	0.012400	0.000223
S9-9	9	S9	Streptococcus_oralis	C17	1.000000	0.64	135	20.478	0.016397	0.000344
