species	strain_R2_subject	p_value	n_samples_present	n_clusters
Neisseria_subflava	0.8081	0.0002	31	4
Streptococcus_sanguinis	0.6715	0.0002	13	9
Streptococcus_parasanguinis	0.6565	0.0002	14	10
Rothia_dentocariosa	0.6327	0.0002	17	6
Streptococcus_oralis	0.6269	0.0002	15	8
Gemella_haemolysans	0.5927	0.0002	22	10
Granulicatella_adiacens	0.5730	0.0002	24	6
Actinomyces_odontolyticus	0.5685	0.0002	30	10
Fusobacterium_nucleatum	0.5637	0.0018	23	3
Haemophilus_parainfluenzae	0.4706	0.0006	27	8
Prevotella_melaninogenica	0.4675	0.0002	31	10
Veillonella_parvula	0.4629	0.0004	12	10
Streptococcus_mitis	0.4271	0.0218	18	3
