path	sha256	rows	expected_role	provenance_status
figure_raw_data/sim_headtohead/strain2bscan_single_native_persample.tsv	de9ec793d6f7a771b6dc2fd449a4423cfdc3f087b0590ee4064bc392fc87e2df	2025	Strain2bScan native 15-species accuracy runs	complete expected 2025 rows
figure_raw_data/sim_headtohead/strain2bscan_single_emulated_persample.tsv	544152c52ccf0c15dcc0f6a1f67719b8676e26832a39f126fe166e2523c6c1d3	210	same-container Strain2bScan timing subset	complete expected 210 rows
figure_raw_data/sim_headtohead/strain2bscan_multi_native_persample.tsv	db59bdb4a4dd379fdc5c98c6b80b4cbf213e119a182297ee4dec8849d3d7f7ba	60	Strain2bScan multi-species runs	complete expected 60 rows
figure_raw_data/sim_headtohead/strainscan_single_persample.tsv	5e3b1103b1e53b2009d6b057a16a4f6c369df0a442ef78288a57e2cc9587a2f2	4	raw StrainScan single-species runs	INCOMPLETE: 3 rows available, 204 required
figure_raw_data/sim_headtohead/strainscan_multi_persample.tsv	db2b385c884bbc51b4305efb9a5a0de90f003f4ec44254a0a2ae1c591d2bdd75	3	raw StrainScan multi-species runs	INCOMPLETE: 3 rows available, 12 required
figure_raw_data/sim_headtohead/single_headtohead_by_species.tsv	e5c53308295582f900add80719beb1a3b8af1bd8523b5ab8bf644f01e286d42a	14	aggregate or build/timing evidence	aggregate only; run-level reconstruction incomplete for StrainScan
figure_raw_data/sim_headtohead/single_headtohead_by_depth.tsv	0e7552ac19e1224b400063a26d07f3ffd3d52529df3175b88cec2148c79afe5c	5	aggregate or build/timing evidence	aggregate only; run-level reconstruction incomplete for StrainScan
figure_raw_data/sim_headtohead/multi_headtohead.tsv	b2c66a7dae340edf9f8eb399ded854ec5c1d21b6b9764db62269de61f3b3309e	3	aggregate or build/timing evidence	aggregate only; run-level reconstruction incomplete for StrainScan
figure_raw_data/sim_headtohead/build_cost.tsv	48c8540a556b10595d0e1d890d71c4d096a77ee2baaa6be6c608ecc6f0961be8	15	aggregate or build/timing evidence	aggregate only; run-level reconstruction incomplete for StrainScan
figure_raw_data/sim_headtohead/profile_timing_sameenv.tsv	3e2855fc9f1fdf7c97ac4805800a3c900bcf9b6adaf009ae4cdd56c7d45d4db5	5	aggregate or build/timing evidence	aggregate only; run-level reconstruction incomplete for StrainScan
figure_raw_data/sim_headtohead/strain2bscan_build_times.tsv	8745e0809bda404ae4beaa6f3872b190677f7a662c72896ce0c0d076b7cc4a43	15	aggregate or build/timing evidence	aggregate only; run-level reconstruction incomplete for StrainScan
figure_raw_data/sim_headtohead/strainscan_build_times.tsv	1b0534df50df5ad431a12d9d08496f09540a268ea58d0dfa862a4e232442a9cd	14	aggregate or build/timing evidence	aggregate only; run-level reconstruction incomplete for StrainScan
